drop table if exists t1,t2,t3,t4,t5;
drop database if exists mysqltest;
create table t1 (b char(0));
insert into t1 values (""),(null);
select * from t1;
b

NULL
drop table if exists t1;
create table t1 (b char(0) not null);
create table if not exists t1 (b char(0) not null);
Warnings:
Note	1050	Table 't1' already exists
insert into t1 values (""),(null);
ERROR 23000: Column 'b' cannot be null
select * from t1;
b
drop table t1;
create temporary table t1 (a int not null auto_increment,primary key (a)) engine=heap;
drop table t1;
create temporary table t2 engine=heap select * from t1;
ERROR 42S02: Table 'test.t1' doesn't exist
create table t2 select auto+1 from t1;
ERROR 42S02: Table 'test.t1' doesn't exist
drop table if exists t1,t2;
Warnings:
Note	1051	Unknown table 't1'
Note	1051	Unknown table 't2'
create table t1 (b char(0) not null, index(b));
ERROR 42000: The used storage engine can't index column 'b'
create temporary table t1 (a int not null,b text) engine=heap;
ERROR 42000: The used table type doesn't support BLOB/TEXT columns
drop table if exists t1;
Warnings:
Note	1051	Unknown table 't1'
create temporary table t1 (ordid int not null auto_increment, ord  varchar(50) not null, primary key (ord,ordid)) engine=heap;
ERROR 42000: Incorrect table definition; there can be only one auto column and it must be defined as a key
create table not_existing_database.test (a int);
ERROR 42000: Unknown database 'not_existing_database'
create table `a/a` (a int);
show create table `a/a`;
Table	Create Table
a/a	CREATE TABLE `a/a` (
  `a` int DEFAULT NULL
) ENGINE=DEFAULT
create table t1 like `a/a`;
drop table `a/a`;
drop table `t1`;
create table `aaaaaaaaaaaaaaaaaaaaaaaaaaaaaaaaaaaaaaaaaaaaaaaaaaaaaaaaaaaaaaaaaaa` (aaaaaaaaaaaaaaaaaaaaaaaaaaaaaaaaaaaaaaaaaaaaaaaaaaaaaaaaaaaaaaaaaa int);
ERROR 42000: Incorrect table name 'aaaaaaaaaaaaaaaaaaaaaaaaaaaaaaaaaaaaaaaaaaaaaaaaaaaaaaaaaaaaaaaaaaa'
create table a (`aaaaaaaaaaaaaaaaaaaaaaaaaaaaaaaaaaaaaaaaaaaaaaaaaaaaaaaaaaaaaaaaaa` int);
ERROR 42000: Identifier name 'aaaaaaaaaaaaaaaaaaaaaaaaaaaaaaaaaaaaaaaaaaaaaaaaaaaaaaaaaaaaaaaaaa' is too long
create table t1 (a datetime default now());
ERROR 42000: Invalid default value for 'a'
create table t1 (a datetime on update now());
ERROR HY000: Invalid ON UPDATE clause for 'a' column
create table t1 (a int default 100 auto_increment);
ERROR 42000: Invalid default value for 'a'
create table t1 (a varchar(5) default 'abcdef');
ERROR 42000: Invalid default value for 'a'
create table t1 (a varchar(5) default 'abcde');
insert into t1 values();
select * from t1;
a
abcde
alter table t1 alter column a set default 'abcdef';
ERROR 42000: Invalid default value for 'a'
drop table t1;
create table 1ea10 (1a20 int,1e int);
insert into 1ea10 values(1,1);
select 1ea10.1a20,1e+ 1e+10 from 1ea10;
1a20	1e+ 1e+10
1	10000000001
drop table 1ea10;
create table t1 (t1.index int);
drop table t1;
drop database if exists mysqltest;
Warnings:
Note	1008	Can't drop database 'mysqltest'; database doesn't exist
create database mysqltest;
create table mysqltest.$test1 (a$1 int, $b int, c$ int);
insert into mysqltest.$test1 values (1,2,3);
select a$1, $b, c$ from mysqltest.$test1;
a$1	$b	c$
1	2	3
create table mysqltest.test2$ (a int);
drop table mysqltest.test2$;
drop database mysqltest;
create table `` (a int);
ERROR 42000: Incorrect table name ''
drop table if exists ``;
ERROR 42000: Incorrect table name ''
create table t1 (`` int);
ERROR 42000: Incorrect column name ''
create table t1 (i int, index `` (i));
ERROR 42000: Incorrect index name ''
create table t1 (a int auto_increment not null primary key, B CHAR(20));
insert into t1 (b) values ("hello"),("my"),("world");
create table t2 (key (b)) select * from t1;
explain select * from t2 where b="world";
id	select_type	table	type	possible_keys	key	key_len	ref	rows	Extra
1	SIMPLE	t2	ref	B	B	83	const	1	Using where
select * from t2 where b="world";
a	B
3	world
drop table t1,t2;
create table t1(x varchar(50) );
create table t2 select x from t1 where 1=2;
describe t1;
Field	Type	Null	Key	Default	Extra
x	varchar(50)	YES		NULL	
describe t2;
Field	Type	Null	Key	Default	Extra
x	varchar(50)	YES		NULL	
drop table t2;
create table t2 select now() as a , curdate() as c , 1+1 as d , 1.0 + 1 as e , 33333333333333333 + 3 as f;
describe t2;
Field	Type	Null	Key	Default	Extra
a	datetime	YES		NULL	
c	date	NO		NULL	
d	int	NO		NULL	
e	decimal(3,1)	NO		NULL	
f	bigint	NO		NULL	
drop table t2;
create table t2 select CAST("2001-12-29" AS DATE) as d, CAST("2001-12-29  20:45:11" AS DATETIME) as dt;
describe t2;
Field	Type	Null	Key	Default	Extra
d	date	YES		NULL	
dt	datetime	YES		NULL	
drop table t1,t2;
create table t1 (a int);
create table t2 (a int) select * from t1;
describe t1;
Field	Type	Null	Key	Default	Extra
a	int	YES		NULL	
describe t2;
Field	Type	Null	Key	Default	Extra
a	int	YES		NULL	
drop table if exists t2;
create table t2 (a int, a float) select * from t1;
ERROR 42S21: Duplicate column name 'a'
drop table if exists t2;
Warnings:
Note	1051	Unknown table 't2'
create table t2 (a int) select a as b, a+1 as b from t1;
ERROR 42S21: Duplicate column name 'b'
drop table if exists t2;
Warnings:
Note	1051	Unknown table 't2'
create table t2 (b int) select a as b, a+1 as b from t1;
ERROR 42S21: Duplicate column name 'b'
drop table if exists t1,t2;
Warnings:
Note	1051	Unknown table 't2'
CREATE TABLE t1 (a int not null);
INSERT INTO t1 values (1),(2),(1);
CREATE TABLE t2 (primary key(a)) SELECT * FROM t1;
ERROR 23000: Duplicate entry '1' for key 'PRIMARY'
SELECT * from t2;
ERROR 42S02: Table 'test.t2' doesn't exist
DROP TABLE t1;
DROP TABLE IF EXISTS t2;
Warnings:
Note	1051	Unknown table 't2'
create table t1 (a int not null, b int, primary key(a), key (b), key (b), key (b), key (b), key (b), key (b), key (b), key (b), key (b), key (b), key (b), key (b), key (b), key (b), key (b), key (b), key (b), key (b), key (b), key (b), key (b), key (b), key (b), key (b), key (b), key (b), key (b), key (b), key (b), key (b), key (b));
show create table t1;
Table	Create Table
t1	CREATE TABLE `t1` (
  `a` int NOT NULL,
  `b` int DEFAULT NULL,
  PRIMARY KEY (`a`),
  KEY `b` (`b`),
  KEY `b_2` (`b`),
  KEY `b_3` (`b`),
  KEY `b_4` (`b`),
  KEY `b_5` (`b`),
  KEY `b_6` (`b`),
  KEY `b_7` (`b`),
  KEY `b_8` (`b`),
  KEY `b_9` (`b`),
  KEY `b_10` (`b`),
  KEY `b_11` (`b`),
  KEY `b_12` (`b`),
  KEY `b_13` (`b`),
  KEY `b_14` (`b`),
  KEY `b_15` (`b`),
  KEY `b_16` (`b`),
  KEY `b_17` (`b`),
  KEY `b_18` (`b`),
  KEY `b_19` (`b`),
  KEY `b_20` (`b`),
  KEY `b_21` (`b`),
  KEY `b_22` (`b`),
  KEY `b_23` (`b`),
  KEY `b_24` (`b`),
  KEY `b_25` (`b`),
  KEY `b_26` (`b`),
  KEY `b_27` (`b`),
  KEY `b_28` (`b`),
  KEY `b_29` (`b`),
  KEY `b_30` (`b`),
  KEY `b_31` (`b`)
) ENGINE=DEFAULT
drop table t1;
create table t1 select if(1,'1','0'), month("2002-08-02");
drop table t1;
create table t1 select if('2002'='2002','Y','N');
select * from t1;
if('2002'='2002','Y','N')
Y
drop table if exists t1;
SET SESSION storage_engine="heap";
SELECT @@storage_engine;
@@storage_engine
MEMORY
CREATE TEMPORARY TABLE t1 (a int not null);
show create table t1;
Table	Create Table
t1	CREATE TEMPORARY TABLE `t1` (
  `a` int NOT NULL
) ENGINE=MEMORY
drop table t1;
SET SESSION storage_engine="gemini";
ERROR 42000: Unknown table engine 'gemini'
SELECT @@storage_engine;
@@storage_engine
MEMORY
CREATE TEMPORARY TABLE t1 (a int not null);
show create table t1;
Table	Create Table
t1	CREATE TEMPORARY TABLE `t1` (
  `a` int NOT NULL
) ENGINE=MEMORY
SET SESSION storage_engine=default;
drop table t1;
create table t1 ( k1 varchar(2), k2 int, primary key(k1,k2));
insert into t1 values ("a", 1), ("b", 2);
insert into t1 values ("c", NULL);
ERROR 23000: Column 'k2' cannot be null
insert into t1 values (NULL, 3);
ERROR 23000: Column 'k1' cannot be null
insert into t1 values (NULL, NULL);
ERROR 23000: Column 'k1' cannot be null
drop table t1;
create table t1 select x'4132';
drop table t1;
create table t1 select 1,2,3;
create table if not exists t1 select 1,2;
ERROR HY000: Field '1' doesn't have a default value
create table if not exists t1 select 1,2,3,4;
ERROR 21S01: Column count doesn't match value count at row 1
create table if not exists t1 select 1;
ERROR HY000: Field '1' doesn't have a default value
select * from t1;
1	2	3
1	2	3
drop table t1;
flush status;
create table t1 (a int not null, b int, primary key (a));
insert into t1 values (1,1);
select * from t1;
a	b
1	1
create table if not exists t1 select 3 as 'a',4 as 'b';
Warnings:
Note	1050	Table 't1' already exists
create table if not exists t1 select 3 as 'a',3 as 'b';
ERROR 23000: Duplicate entry '3' for key 'PRIMARY'
show warnings;
Level	Code	Message
Note	1050	Table 't1' already exists
Error	1062	Duplicate entry '3' for key 'PRIMARY'
show status like "Opened_tables";
Variable_name	Value
Opened_tables	3
select * from t1;
a	b
1	1
3	4
drop table t1;
create table `t1 `(a int);
ERROR 42000: Incorrect table name 't1 '
create database `db1 `;
ERROR 42000: Incorrect database name 'db1 '
create table t1(`a ` int);
ERROR 42000: Incorrect column name 'a '
create table t1 (a int,);
ERROR 42000: You have an error in your SQL syntax; check the manual that corresponds to your Drizzle server version for the right syntax to use near ')' at line 1
create table t1 (a int,,b int);
ERROR 42000: You have an error in your SQL syntax; check the manual that corresponds to your Drizzle server version for the right syntax to use near 'b int)' at line 1
create table t1 (,b int);
ERROR 42000: You have an error in your SQL syntax; check the manual that corresponds to your Drizzle server version for the right syntax to use near 'b int)' at line 1
create table t1 (a int, key(a));
create table t2 (b int, foreign key(b) references t1(a), key(b));
drop table if exists t1,t2;
ERROR 23000: Cannot delete or update a parent row: a foreign key constraint fails
drop table if exists t2,t1;
Warnings:
Note	1051	Unknown table 't2'
create table t1(id int not null, name char(20));
insert into t1 values(10,'mysql'),(20,'monty- the creator');
create table t2(id int not null);
insert into t2 values(10),(20);
create table t3 like t1;
show create table t3;
Table	Create Table
t3	CREATE TABLE `t3` (
  `id` int NOT NULL,
  `name` varchar(20) DEFAULT NULL
) ENGINE=DEFAULT
select * from t3;
id	name
create table if not exists t3 like t1;
Warnings:
Note	1050	Table 't3' already exists
select @@warning_count;
@@warning_count
1
create temporary table t3 like t2;
show create table t3;
Table	Create Table
t3	CREATE TEMPORARY TABLE `t3` (
  `id` int NOT NULL
) ENGINE=DEFAULT
select * from t3;
id
drop table t3;
show create table t3;
Table	Create Table
t3	CREATE TABLE `t3` (
  `id` int NOT NULL,
  `name` varchar(20) DEFAULT NULL
) ENGINE=DEFAULT
select * from t3;
id	name
drop table t2, t3;
create database mysqltest;
create table mysqltest.t3 like t1;
create temporary table t3 like mysqltest.t3;
show create table t3;
Table	Create Table
t3	CREATE TEMPORARY TABLE `t3` (
  `id` int NOT NULL,
  `name` varchar(20) DEFAULT NULL
) ENGINE=DEFAULT
create table t2 like t3;
show create table t2;
Table	Create Table
t2	CREATE TABLE `t2` (
  `id` int NOT NULL,
  `name` varchar(20) DEFAULT NULL
) ENGINE=DEFAULT
select * from t2;
id	name
create table t3 like t1;
create table t3 like mysqltest.t3;
ERROR 42S01: Table 't3' already exists
create table non_existing_database.t1 like t1;
ERROR 42000: Unknown database 'non_existing_database'
create table t3 like non_existing_table;
ERROR 42S02: Table 'test.non_existing_table' doesn't exist
create temporary table t3 like t1;
ERROR 42S01: Table 't3' already exists
drop table t1, t2, t3;
drop table t3;
drop database mysqltest;
SET SESSION storage_engine="heap";
SELECT @@storage_engine;
@@storage_engine
MEMORY
CREATE TEMPORARY TABLE t1 (a int not null);
show create table t1;
Table	Create Table
t1	CREATE TEMPORARY TABLE `t1` (
  `a` int NOT NULL
) ENGINE=MEMORY
drop table t1;
SET SESSION storage_engine="gemini";
ERROR 42000: Unknown table engine 'gemini'
SELECT @@storage_engine;
@@storage_engine
MEMORY
CREATE TEMPORARY TABLE t1 (a int not null);
show create table t1;
Table	Create Table
t1	CREATE TEMPORARY TABLE `t1` (
  `a` int NOT NULL
) ENGINE=MEMORY
SET SESSION storage_engine=default;
drop table t1;
create table t1(a int,b int,c int,d date,e char,f datetime,h blob);
insert into t1(a)values(1);
insert into t1(a,b,c,d,e,f,h)
values(2,-2,2,'1825-12-14','a','2003-01-01 03:02:01','binary data');
select * from t1;
a	b	c	d	e	f	h
1	NULL	NULL	NULL	NULL	NULL	NULL
2	-2	2	1825-12-14	a	2003-01-01 03:02:01	binary data
select a, 
ifnull(b,-7) as b, 
ifnull(c,7) as c, 
ifnull(d,cast('2000-01-01' as date)) as d, 
ifnull(e,cast('b' as char)) as e,
ifnull(f,cast('2000-01-01' as datetime)) as f, 
ifnull(h,cast('yet another binary data' as binary)) as h
from t1;
a	b	c	d	e	f	h
1	-7	7	2000-01-01	b	2000-01-01 00:00:00	yet another binary data
2	-2	2	1825-12-14	a	2003-01-01 03:02:01	binary data
create table t2
select
a, 
ifnull(b,-7)                            as b,
ifnull(c,7)                             as c,
ifnull(d,cast('2000-01-01'              as date))     as d,
ifnull(e,cast('b'                       as char))     as e,
ifnull(f,cast('2000-01-01'              as datetime)) as f,
ifnull(h,cast('yet another binary data' as binary))   as h
from t1;
explain t2;
Field	Type	Null	Key	Default	Extra
a	int	YES		NULL	
b	bigint	NO		NULL	
c	bigint	NO		NULL	
d	date	YES		NULL	
e	varchar(1)	YES		NULL	
f	datetime	YES		NULL	
h	blob	YES		NULL	
select * from t2;
a	b	c	d	e	f	h
1	-7	7	2000-01-01	b	2000-01-01 00:00:00	yet another binary data
2	-2	2	1825-12-14	a	2003-01-01 03:02:01	binary data
drop table t1, t2;
create table t1 (a int, b int, d int, e bigint, f float(3,2), g double(4,3), h decimal(5,4), j date, k timestamp, l datetime, m enum('a','b'), o char(10));
create table t2 select ifnull(a,a), ifnull(b,b), ifnull(d,d), ifnull(e,e), ifnull(f,f), ifnull(g,g), ifnull(h,h), ifnull(j,j), ifnull(k,k), ifnull(l,l), ifnull(m,m), ifnull(o,o) from t1;
show create table t2;
Table	Create Table
t2	CREATE TABLE `t2` (
  `ifnull(a,a)` int DEFAULT NULL,
  `ifnull(b,b)` int DEFAULT NULL,
  `ifnull(d,d)` int DEFAULT NULL,
  `ifnull(e,e)` bigint DEFAULT NULL,
  `ifnull(f,f)` double(3,2) DEFAULT NULL,
  `ifnull(g,g)` double(4,3) DEFAULT NULL,
  `ifnull(h,h)` decimal(5,4) DEFAULT NULL,
  `ifnull(j,j)` date DEFAULT NULL,
  `ifnull(k,k)` timestamp NULL DEFAULT NULL,
  `ifnull(l,l)` datetime DEFAULT NULL,
  `ifnull(m,m)` varchar(1) DEFAULT NULL,
  `ifnull(o,o)` varchar(10) DEFAULT NULL
) ENGINE=DEFAULT
drop table t1,t2;
create table t1(str varchar(10) default 'def',strnull varchar(10),intg int default '10',rel double default '3.14');
insert into t1 values ('','',0,0.0);
describe t1;
Field	Type	Null	Key	Default	Extra
str	varchar(10)	YES		def	
strnull	varchar(10)	YES		NULL	
intg	int	YES		10	
rel	double	YES		3.14	
create table t2 select default(str) as str, default(strnull) as strnull, default(intg) as intg, default(rel) as rel from t1;
describe t2;
Field	Type	Null	Key	Default	Extra
str	varchar(10)	YES		NULL	
strnull	varchar(10)	YES		NULL	
intg	int	YES		NULL	
rel	double	YES		NULL	
drop table t1, t2;
create table t1(name varchar(10), age int default -1);
describe t1;
Field	Type	Null	Key	Default	Extra
name	varchar(10)	YES		NULL	
age	int	YES		-1	
create table t2(name varchar(10), age int default - 1);
describe t2;
Field	Type	Null	Key	Default	Extra
name	varchar(10)	YES		NULL	
age	int	YES		-1	
drop table t1, t2;
create table t1(cenum enum('a'));
create table t2(cenum enum('a','a'));
ERROR HY000: Column 'cenum' has duplicated value 'a' in ENUM
create table t3(cenum enum('a','A','a','c','c'));
ERROR HY000: Column 'cenum' has duplicated value 'a' in ENUM
drop table t1;
create database mysqltest;
use mysqltest;
select database();
database()
mysqltest
drop database mysqltest;
select database();
database()
NULL
use test;
CREATE TABLE t1(id varchar(10) NOT NULL PRIMARY KEY, dsc longtext);
INSERT INTO t1 VALUES ('5000000001', NULL),('5000000003', 'Test'),('5000000004', NULL);
CREATE TABLE t2(id varchar(15) NOT NULL, proc varchar(100) NOT NULL, runID varchar(16) NOT NULL, start datetime NOT NULL, PRIMARY KEY  (id,proc,runID,start));
INSERT INTO t2 VALUES ('5000000001', 'proc01', '20031029090650', '2003-10-29 13:38:40'),('5000000001', 'proc02', '20031029090650', '2003-10-29 13:38:51'),('5000000001', 'proc03', '20031029090650', '2003-10-29 13:38:11'),('5000000002', 'proc09', '20031024013310', '2003-10-24 01:33:11'),('5000000002', 'proc09', '20031024153537', '2003-10-24 15:36:04'),('5000000004', 'proc01', '20031024013641', '2003-10-24 01:37:29'),('5000000004', 'proc02', '20031024013641', '2003-10-24 01:37:39');
CREATE TABLE t3  SELECT t1.dsc,COUNT(DISTINCT t2.id) AS countOfRuns  FROM t1 LEFT JOIN t2 ON (t1.id=t2.id) GROUP BY t1.id;
SELECT * FROM t3;
dsc	countOfRuns
NULL	1
Test	0
NULL	1
drop table t1, t2, t3;
create table t1 (a int);
create table t1 select * from t1;
ERROR HY000: You can't specify target table 't1' for update in FROM clause
flush tables with read lock;
unlock tables;
drop table t1;
create table t1(column.name int);
ERROR 42000: Incorrect table name 'column'
create table t1(test.column.name int);
ERROR 42000: Incorrect table name 'column'
create table t1(xyz.t1.name int);
ERROR 42000: Incorrect database name 'xyz'
create table t1(t1.name int);
create table t2(test.t2.name int);
drop table t1,t2;
CREATE TABLE t1 (f1 VARCHAR(255));
CREATE TABLE t2 AS SELECT LEFT(f1,171) AS f2 FROM t1 UNION SELECT LEFT(f1,171) AS f2 FROM t1;
DESC t2;
Field	Type	Null	Key	Default	Extra
f2	varchar(171)	YES		NULL	
DROP TABLE t1,t2;
CREATE TABLE t12913 (f1 ENUM ('a','b')) AS SELECT 'a' AS f1;
SELECT * FROM t12913;
f1
a
DROP TABLE t12913;
create database mysqltest;
use mysqltest;
drop database mysqltest;
create table test.t1 like x;
ERROR 3D000: No database selected
drop table if exists test.t1;
create database mysqltest;
create database if not exists mysqltest;
Warnings:
Note	1007	Can't create database 'mysqltest'; database exists
show create database mysqltest;
Database	Create Database
mysqltest	CREATE DATABASE `mysqltest`
drop database mysqltest;
use test;
create table t1 (a int);
create table if not exists t1 (a int);
Warnings:
Note	1050	Table 't1' already exists
drop table t1;
create table t1 (
a varchar(112) collate utf8_bin not null,
primary key (a)
) select 'test' as a ;
show create table t1;
Table	Create Table
t1	CREATE TABLE `t1` (
  `a` varchar(112) CHARACTER SET utf8 COLLATE utf8_bin NOT NULL,
  PRIMARY KEY (`a`)
) ENGINE=DEFAULT
drop table t1;
CREATE TABLE t2 (
a int default NULL
);
insert into t2 values(111);
create table t1 ( 
a varchar(12) collate utf8_bin not null, 
b int not null, primary key (a)
) select a, 1 as b from t2 ;
show create table t1;
Table	Create Table
t1	CREATE TABLE `t1` (
  `a` varchar(12) CHARACTER SET utf8 COLLATE utf8_bin NOT NULL,
  `b` int NOT NULL,
  PRIMARY KEY (`a`)
) ENGINE=DEFAULT
drop table t1;
create table t1 ( 
a varchar(12) collate utf8_bin not null, 
b int not null, primary key (a)
) select a, 1 as c from t2 ;
ERROR HY000: Field 'b' doesn't have a default value
create table t1 ( 
a varchar(12) collate utf8_bin not null, 
b int null, primary key (a)
) select a, 1 as c from t2 ;
show create table t1;
Table	Create Table
t1	CREATE TABLE `t1` (
  `b` int DEFAULT NULL,
  `a` varchar(12) CHARACTER SET utf8 COLLATE utf8_bin NOT NULL,
  `c` int NOT NULL,
  PRIMARY KEY (`a`)
) ENGINE=DEFAULT
drop table t1;
create table t1 ( 
a varchar(12) collate utf8_bin not null,
b int not null, primary key (a)
) select 'a' as a , 1 as b from t2 ;
show create table t1;
Table	Create Table
t1	CREATE TABLE `t1` (
  `a` varchar(12) CHARACTER SET utf8 COLLATE utf8_bin NOT NULL,
  `b` int NOT NULL,
  PRIMARY KEY (`a`)
) ENGINE=DEFAULT
drop table t1;
create table t1 ( 
a varchar(12) collate utf8_bin,
b int not null, primary key (a)
) select 'a' as a , 1 as b from t2 ;
show create table t1;
Table	Create Table
t1	CREATE TABLE `t1` (
  `a` varchar(12) CHARACTER SET utf8 COLLATE utf8_bin NOT NULL,
  `b` int NOT NULL,
  PRIMARY KEY (`a`)
) ENGINE=DEFAULT
drop table t1, t2;
create table t1 ( 
a1 int not null,
a2 int, a3 int, a4 int, a5 int, a6 int, a7 int, a8 int, a9 int
);
insert into t1 values (1,1,1, 1,1,1, 1,1,1);
create table t2 ( 
a1 varchar(12) collate utf8_bin not null,
a2 int, a3 int, a4 int, a5 int, a6 int, a7 int, a8 int, a9 int,
primary key (a1)
) select a1,a2,a3,a4,a5,a6,a7,a8,a9 from t1 ;
drop table t2;
create table t2 ( 
a1 varchar(12) collate utf8_bin,
a2 int, a3 int, a4 int, a5 int, a6 int, a7 int, a8 int, a9 int
) select a1,a2,a3,a4,a5,a6,a7,a8,a9 from t1;
drop table t1, t2;
create table t1 ( 
a1 int, a2 int, a3 int, a4 int, a5 int, a6 int, a7 int, a8 int, a9 int
);
insert into t1 values (1,1,1, 1,1,1, 1,1,1);
create table t2 ( 
a1 varchar(12) collate utf8_bin not null,
a2 int, a3 int, a4 int, a5 int, a6 int, a7 int, a8 int, a9 int,
primary key (a1)
) select a1,a2,a3,a4,a5,a6,a7,a8,a9 from t1 ;
drop table t2;
create table t2 ( a int default 3, b int default 3)
select a1,a2 from t1;
show create table t2;
Table	Create Table
t2	CREATE TABLE `t2` (
  `a` int DEFAULT '3',
  `b` int DEFAULT '3',
  `a1` int DEFAULT NULL,
  `a2` int DEFAULT NULL
) ENGINE=DEFAULT
drop table t1, t2;
create table t1 select * from t2;
ERROR 42S02: Table 'test.t2' doesn't exist
create table t1 select * from t1;
ERROR HY000: You can't specify target table 't1' for update in FROM clause
create table t1 select coalesce('a' collate utf8_swedish_ci,'b' collate utf8_bin);
ERROR HY000: Illegal mix of collations (utf8_swedish_ci,EXPLICIT) and (utf8_bin,EXPLICIT) for operation 'coalesce'
create table t1 (primary key(a)) select "b" as b;
ERROR 42000: Key column 'a' doesn't exist in table
create table t1 (primary key (a)) (select 1 as a) union all (select 1 as a);
ERROR 23000: Duplicate entry '1' for key 'PRIMARY'
create table t1 (i int);
create table if not exists t1 select 1 as i;
Warnings:
Note	1050	Table 't1' already exists
select * from t1;
i
1
drop table t1;
create table t1 select coalesce('a' collate utf8_swedish_ci,'b' collate utf8_bin);
ERROR HY000: Illegal mix of collations (utf8_swedish_ci,EXPLICIT) and (utf8_bin,EXPLICIT) for operation 'coalesce'
create temporary table t1 (j int);
create table if not exists t1 select 1;
Warnings:
Note	1050	Table 't1' already exists
select * from t1;
j
1
drop temporary table t1;
select * from t1;
ERROR 42S02: Table 'test.t1' doesn't exist
drop table t1;
ERROR 42S02: Unknown table 't1'
create table t1 (upgrade int);
drop table t1;
create table t1 (
c1 int, c2 int, c3 int, c4 int, c5 int, c6 int, c7 int, c8 int,
c9 int, c10 int, c11 int, c12 int, c13 int, c14 int, c15 int, c16 int,
key a001_long_123456789_123456789_123456789_123456789_123456789_1234 (
c1,c2,c3,c4,c5,c6,c7,c8,c9,c10,c11,c12,c13,c14,c15,c16),
key a002_long_123456789_123456789_123456789_123456789_123456789_1234 (
c1,c2,c3,c4,c5,c6,c7,c8,c9,c10,c11,c12,c13,c14,c15,c16),
key a003_long_123456789_123456789_123456789_123456789_123456789_1234 (
c1,c2,c3,c4,c5,c6,c7,c8,c9,c10,c11,c12,c13,c14,c15,c16),
key a004_long_123456789_123456789_123456789_123456789_123456789_1234 (
c1,c2,c3,c4,c5,c6,c7,c8,c9,c10,c11,c12,c13,c14,c15,c16),
key a005_long_123456789_123456789_123456789_123456789_123456789_1234 (
c1,c2,c3,c4,c5,c6,c7,c8,c9,c10,c11,c12,c13,c14,c15,c16),
key a006_long_123456789_123456789_123456789_123456789_123456789_1234 (
c1,c2,c3,c4,c5,c6,c7,c8,c9,c10,c11,c12,c13,c14,c15,c16),
key a007_long_123456789_123456789_123456789_123456789_123456789_1234 (
c1,c2,c3,c4,c5,c6,c7,c8,c9,c10,c11,c12,c13,c14,c15,c16),
key a008_long_123456789_123456789_123456789_123456789_123456789_1234 (
c1,c2,c3,c4,c5,c6,c7,c8,c9,c10,c11,c12,c13,c14,c15,c16),
key a009_long_123456789_123456789_123456789_123456789_123456789_1234 (
c1,c2,c3,c4,c5,c6,c7,c8,c9,c10,c11,c12,c13,c14,c15,c16),
key a010_long_123456789_123456789_123456789_123456789_123456789_1234 (
c1,c2,c3,c4,c5,c6,c7,c8,c9,c10,c11,c12,c13,c14,c15,c16),
key a011_long_123456789_123456789_123456789_123456789_123456789_1234 (
c1,c2,c3,c4,c5,c6,c7,c8,c9,c10,c11,c12,c13,c14,c15,c16),
key a012_long_123456789_123456789_123456789_123456789_123456789_1234 (
c1,c2,c3,c4,c5,c6,c7,c8,c9,c10,c11,c12,c13,c14,c15,c16),
key a013_long_123456789_123456789_123456789_123456789_123456789_1234 (
c1,c2,c3,c4,c5,c6,c7,c8,c9,c10,c11,c12,c13,c14,c15,c16),
key a014_long_123456789_123456789_123456789_123456789_123456789_1234 (
c1,c2,c3,c4,c5,c6,c7,c8,c9,c10,c11,c12,c13,c14,c15,c16),
key a015_long_123456789_123456789_123456789_123456789_123456789_1234 (
c1,c2,c3,c4,c5,c6,c7,c8,c9,c10,c11,c12,c13,c14,c15,c16),
key a016_long_123456789_123456789_123456789_123456789_123456789_1234 (
c1,c2,c3,c4,c5,c6,c7,c8,c9,c10,c11,c12,c13,c14,c15,c16),
key a017_long_123456789_123456789_123456789_123456789_123456789_1234 (
c1,c2,c3,c4,c5,c6,c7,c8,c9,c10,c11,c12,c13,c14,c15,c16),
key a018_long_123456789_123456789_123456789_123456789_123456789_1234 (
c1,c2,c3,c4,c5,c6,c7,c8,c9,c10,c11,c12,c13,c14,c15,c16),
key a019_long_123456789_123456789_123456789_123456789_123456789_1234 (
c1,c2,c3,c4,c5,c6,c7,c8,c9,c10,c11,c12,c13,c14,c15,c16),
key a020_long_123456789_123456789_123456789_123456789_123456789_1234 (
c1,c2,c3,c4,c5,c6,c7,c8,c9,c10,c11,c12,c13,c14,c15,c16),
key a021_long_123456789_123456789_123456789_123456789_123456789_1234 (
c1,c2,c3,c4,c5,c6,c7,c8,c9,c10,c11,c12,c13,c14,c15,c16),
key a022_long_123456789_123456789_123456789_123456789_123456789_1234 (
c1,c2,c3,c4,c5,c6,c7,c8,c9,c10,c11,c12,c13,c14,c15,c16),
key a023_long_123456789_123456789_123456789_123456789_123456789_1234 (
c1,c2,c3,c4,c5,c6,c7,c8,c9,c10,c11,c12,c13,c14,c15,c16),
key a024_long_123456789_123456789_123456789_123456789_123456789_1234 (
c1,c2,c3,c4,c5,c6,c7,c8,c9,c10,c11,c12,c13,c14,c15,c16),
key a025_long_123456789_123456789_123456789_123456789_123456789_1234 (
c1,c2,c3,c4,c5,c6,c7,c8,c9,c10,c11,c12,c13,c14,c15,c16),
key a026_long_123456789_123456789_123456789_123456789_123456789_1234 (
c1,c2,c3,c4,c5,c6,c7,c8,c9,c10,c11,c12,c13,c14,c15,c16),
key a027_long_123456789_123456789_123456789_123456789_123456789_1234 (
c1,c2,c3,c4,c5,c6,c7,c8,c9,c10,c11,c12,c13,c14,c15,c16),
key a028_long_123456789_123456789_123456789_123456789_123456789_1234 (
c1,c2,c3,c4,c5,c6,c7,c8,c9,c10,c11,c12,c13,c14,c15,c16),
key a029_long_123456789_123456789_123456789_123456789_123456789_1234 (
c1,c2,c3,c4,c5,c6,c7,c8,c9,c10,c11,c12,c13,c14,c15,c16),
key a030_long_123456789_123456789_123456789_123456789_123456789_1234 (
c1,c2,c3,c4,c5,c6,c7,c8,c9,c10,c11,c12,c13,c14,c15,c16),
key a031_long_123456789_123456789_123456789_123456789_123456789_1234 (
c1,c2,c3,c4,c5,c6,c7,c8,c9,c10,c11,c12,c13,c14,c15,c16),
key a032_long_123456789_123456789_123456789_123456789_123456789_1234 (
c1,c2,c3,c4,c5,c6,c7,c8,c9,c10,c11,c12,c13,c14,c15,c16),
key a033_long_123456789_123456789_123456789_123456789_123456789_1234 (
c1,c2,c3,c4,c5,c6,c7,c8,c9,c10,c11,c12,c13,c14,c15,c16),
key a034_long_123456789_123456789_123456789_123456789_123456789_1234 (
c1,c2,c3,c4,c5,c6,c7,c8,c9,c10,c11,c12,c13,c14,c15,c16),
key a035_long_123456789_123456789_123456789_123456789_123456789_1234 (
c1,c2,c3,c4,c5,c6,c7,c8,c9,c10,c11,c12,c13,c14,c15,c16),
key a036_long_123456789_123456789_123456789_123456789_123456789_1234 (
c1,c2,c3,c4,c5,c6,c7,c8,c9,c10,c11,c12,c13,c14,c15,c16),
key a037_long_123456789_123456789_123456789_123456789_123456789_1234 (
c1,c2,c3,c4,c5,c6,c7,c8,c9,c10,c11,c12,c13,c14,c15,c16),
key a038_long_123456789_123456789_123456789_123456789_123456789_1234 (
c1,c2,c3,c4,c5,c6,c7,c8,c9,c10,c11,c12,c13,c14,c15,c16),
key a039_long_123456789_123456789_123456789_123456789_123456789_1234 (
c1,c2,c3,c4,c5,c6,c7,c8,c9,c10,c11,c12,c13,c14,c15,c16),
key a040_long_123456789_123456789_123456789_123456789_123456789_1234 (
c1,c2,c3,c4,c5,c6,c7,c8,c9,c10,c11,c12,c13,c14,c15,c16),
key a041_long_123456789_123456789_123456789_123456789_123456789_1234 (
c1,c2,c3,c4,c5,c6,c7,c8,c9,c10,c11,c12,c13,c14,c15,c16),
key a042_long_123456789_123456789_123456789_123456789_123456789_1234 (
c1,c2,c3,c4,c5,c6,c7,c8,c9,c10,c11,c12,c13,c14,c15,c16),
key a043_long_123456789_123456789_123456789_123456789_123456789_1234 (
c1,c2,c3,c4,c5,c6,c7,c8,c9,c10,c11,c12,c13,c14,c15,c16),
key a044_long_123456789_123456789_123456789_123456789_123456789_1234 (
c1,c2,c3,c4,c5,c6,c7,c8,c9,c10,c11,c12,c13,c14,c15,c16),
key a045_long_123456789_123456789_123456789_123456789_123456789_1234 (
c1,c2,c3,c4,c5,c6,c7,c8,c9,c10,c11,c12,c13,c14,c15,c16),
key a046_long_123456789_123456789_123456789_123456789_123456789_1234 (
c1,c2,c3,c4,c5,c6,c7,c8,c9,c10,c11,c12,c13,c14,c15,c16),
key a047_long_123456789_123456789_123456789_123456789_123456789_1234 (
c1,c2,c3,c4,c5,c6,c7,c8,c9,c10,c11,c12,c13,c14,c15,c16),
key a048_long_123456789_123456789_123456789_123456789_123456789_1234 (
c1,c2,c3,c4,c5,c6,c7,c8,c9,c10,c11,c12,c13,c14,c15,c16),
key a049_long_123456789_123456789_123456789_123456789_123456789_1234 (
c1,c2,c3,c4,c5,c6,c7,c8,c9,c10,c11,c12,c13,c14,c15,c16),
key a050_long_123456789_123456789_123456789_123456789_123456789_1234 (
c1,c2,c3,c4,c5,c6,c7,c8,c9,c10,c11,c12,c13,c14,c15,c16),
key a051_long_123456789_123456789_123456789_123456789_123456789_1234 (
c1,c2,c3,c4,c5,c6,c7,c8,c9,c10,c11,c12,c13,c14,c15,c16),
key a052_long_123456789_123456789_123456789_123456789_123456789_1234 (
c1,c2,c3,c4,c5,c6,c7,c8,c9,c10,c11,c12,c13,c14,c15,c16),
key a053_long_123456789_123456789_123456789_123456789_123456789_1234 (
c1,c2,c3,c4,c5,c6,c7,c8,c9,c10,c11,c12,c13,c14,c15,c16),
key a054_long_123456789_123456789_123456789_123456789_123456789_1234 (
c1,c2,c3,c4,c5,c6,c7,c8,c9,c10,c11,c12,c13,c14,c15,c16),
key a055_long_123456789_123456789_123456789_123456789_123456789_1234 (
c1,c2,c3,c4,c5,c6,c7,c8,c9,c10,c11,c12,c13,c14,c15,c16),
key a056_long_123456789_123456789_123456789_123456789_123456789_1234 (
c1,c2,c3,c4,c5,c6,c7,c8,c9,c10,c11,c12,c13,c14,c15,c16),
key a057_long_123456789_123456789_123456789_123456789_123456789_1234 (
c1,c2,c3,c4,c5,c6,c7,c8,c9,c10,c11,c12,c13,c14,c15,c16),
key a058_long_123456789_123456789_123456789_123456789_123456789_1234 (
c1,c2,c3,c4,c5,c6,c7,c8,c9,c10,c11,c12,c13,c14,c15,c16),
key a059_long_123456789_123456789_123456789_123456789_123456789_1234 (
c1,c2,c3,c4,c5,c6,c7,c8,c9,c10,c11,c12,c13,c14,c15,c16),
key a060_long_123456789_123456789_123456789_123456789_123456789_1234 (
c1,c2,c3,c4,c5,c6,c7,c8,c9,c10,c11,c12,c13,c14,c15,c16),
key a061_long_123456789_123456789_123456789_123456789_123456789_1234 (
c1,c2,c3,c4,c5,c6,c7,c8,c9,c10,c11,c12,c13,c14,c15,c16),
key a062_long_123456789_123456789_123456789_123456789_123456789_1234 (
c1,c2,c3,c4,c5,c6,c7,c8,c9,c10,c11,c12,c13,c14,c15,c16),
key a063_long_123456789_123456789_123456789_123456789_123456789_1234 (
c1,c2,c3,c4,c5,c6,c7,c8,c9,c10,c11,c12,c13,c14,c15,c16),
key a064_long_123456789_123456789_123456789_123456789_123456789_1234 (
c1,c2,c3,c4,c5,c6,c7,c8,c9,c10,c11,c12,c13,c14,c15,c16)
);
show create table t1;
Table	Create Table
t1	CREATE TABLE `t1` (
  `c1` int DEFAULT NULL,
  `c2` int DEFAULT NULL,
  `c3` int DEFAULT NULL,
  `c4` int DEFAULT NULL,
  `c5` int DEFAULT NULL,
  `c6` int DEFAULT NULL,
  `c7` int DEFAULT NULL,
  `c8` int DEFAULT NULL,
  `c9` int DEFAULT NULL,
  `c10` int DEFAULT NULL,
  `c11` int DEFAULT NULL,
  `c12` int DEFAULT NULL,
  `c13` int DEFAULT NULL,
  `c14` int DEFAULT NULL,
  `c15` int DEFAULT NULL,
  `c16` int DEFAULT NULL,
  KEY `a001_long_123456789_123456789_123456789_123456789_123456789_1234` (`c1`,`c2`,`c3`,`c4`,`c5`,`c6`,`c7`,`c8`,`c9`,`c10`,`c11`,`c12`,`c13`,`c14`,`c15`,`c16`),
  KEY `a002_long_123456789_123456789_123456789_123456789_123456789_1234` (`c1`,`c2`,`c3`,`c4`,`c5`,`c6`,`c7`,`c8`,`c9`,`c10`,`c11`,`c12`,`c13`,`c14`,`c15`,`c16`),
  KEY `a003_long_123456789_123456789_123456789_123456789_123456789_1234` (`c1`,`c2`,`c3`,`c4`,`c5`,`c6`,`c7`,`c8`,`c9`,`c10`,`c11`,`c12`,`c13`,`c14`,`c15`,`c16`),
  KEY `a004_long_123456789_123456789_123456789_123456789_123456789_1234` (`c1`,`c2`,`c3`,`c4`,`c5`,`c6`,`c7`,`c8`,`c9`,`c10`,`c11`,`c12`,`c13`,`c14`,`c15`,`c16`),
  KEY `a005_long_123456789_123456789_123456789_123456789_123456789_1234` (`c1`,`c2`,`c3`,`c4`,`c5`,`c6`,`c7`,`c8`,`c9`,`c10`,`c11`,`c12`,`c13`,`c14`,`c15`,`c16`),
  KEY `a006_long_123456789_123456789_123456789_123456789_123456789_1234` (`c1`,`c2`,`c3`,`c4`,`c5`,`c6`,`c7`,`c8`,`c9`,`c10`,`c11`,`c12`,`c13`,`c14`,`c15`,`c16`),
  KEY `a007_long_123456789_123456789_123456789_123456789_123456789_1234` (`c1`,`c2`,`c3`,`c4`,`c5`,`c6`,`c7`,`c8`,`c9`,`c10`,`c11`,`c12`,`c13`,`c14`,`c15`,`c16`),
  KEY `a008_long_123456789_123456789_123456789_123456789_123456789_1234` (`c1`,`c2`,`c3`,`c4`,`c5`,`c6`,`c7`,`c8`,`c9`,`c10`,`c11`,`c12`,`c13`,`c14`,`c15`,`c16`),
  KEY `a009_long_123456789_123456789_123456789_123456789_123456789_1234` (`c1`,`c2`,`c3`,`c4`,`c5`,`c6`,`c7`,`c8`,`c9`,`c10`,`c11`,`c12`,`c13`,`c14`,`c15`,`c16`),
  KEY `a010_long_123456789_123456789_123456789_123456789_123456789_1234` (`c1`,`c2`,`c3`,`c4`,`c5`,`c6`,`c7`,`c8`,`c9`,`c10`,`c11`,`c12`,`c13`,`c14`,`c15`,`c16`),
  KEY `a011_long_123456789_123456789_123456789_123456789_123456789_1234` (`c1`,`c2`,`c3`,`c4`,`c5`,`c6`,`c7`,`c8`,`c9`,`c10`,`c11`,`c12`,`c13`,`c14`,`c15`,`c16`),
  KEY `a012_long_123456789_123456789_123456789_123456789_123456789_1234` (`c1`,`c2`,`c3`,`c4`,`c5`,`c6`,`c7`,`c8`,`c9`,`c10`,`c11`,`c12`,`c13`,`c14`,`c15`,`c16`),
  KEY `a013_long_123456789_123456789_123456789_123456789_123456789_1234` (`c1`,`c2`,`c3`,`c4`,`c5`,`c6`,`c7`,`c8`,`c9`,`c10`,`c11`,`c12`,`c13`,`c14`,`c15`,`c16`),
  KEY `a014_long_123456789_123456789_123456789_123456789_123456789_1234` (`c1`,`c2`,`c3`,`c4`,`c5`,`c6`,`c7`,`c8`,`c9`,`c10`,`c11`,`c12`,`c13`,`c14`,`c15`,`c16`),
  KEY `a015_long_123456789_123456789_123456789_123456789_123456789_1234` (`c1`,`c2`,`c3`,`c4`,`c5`,`c6`,`c7`,`c8`,`c9`,`c10`,`c11`,`c12`,`c13`,`c14`,`c15`,`c16`),
  KEY `a016_long_123456789_123456789_123456789_123456789_123456789_1234` (`c1`,`c2`,`c3`,`c4`,`c5`,`c6`,`c7`,`c8`,`c9`,`c10`,`c11`,`c12`,`c13`,`c14`,`c15`,`c16`),
  KEY `a017_long_123456789_123456789_123456789_123456789_123456789_1234` (`c1`,`c2`,`c3`,`c4`,`c5`,`c6`,`c7`,`c8`,`c9`,`c10`,`c11`,`c12`,`c13`,`c14`,`c15`,`c16`),
  KEY `a018_long_123456789_123456789_123456789_123456789_123456789_1234` (`c1`,`c2`,`c3`,`c4`,`c5`,`c6`,`c7`,`c8`,`c9`,`c10`,`c11`,`c12`,`c13`,`c14`,`c15`,`c16`),
  KEY `a019_long_123456789_123456789_123456789_123456789_123456789_1234` (`c1`,`c2`,`c3`,`c4`,`c5`,`c6`,`c7`,`c8`,`c9`,`c10`,`c11`,`c12`,`c13`,`c14`,`c15`,`c16`),
  KEY `a020_long_123456789_123456789_123456789_123456789_123456789_1234` (`c1`,`c2`,`c3`,`c4`,`c5`,`c6`,`c7`,`c8`,`c9`,`c10`,`c11`,`c12`,`c13`,`c14`,`c15`,`c16`),
  KEY `a021_long_123456789_123456789_123456789_123456789_123456789_1234` (`c1`,`c2`,`c3`,`c4`,`c5`,`c6`,`c7`,`c8`,`c9`,`c10`,`c11`,`c12`,`c13`,`c14`,`c15`,`c16`),
  KEY `a022_long_123456789_123456789_123456789_123456789_123456789_1234` (`c1`,`c2`,`c3`,`c4`,`c5`,`c6`,`c7`,`c8`,`c9`,`c10`,`c11`,`c12`,`c13`,`c14`,`c15`,`c16`),
  KEY `a023_long_123456789_123456789_123456789_123456789_123456789_1234` (`c1`,`c2`,`c3`,`c4`,`c5`,`c6`,`c7`,`c8`,`c9`,`c10`,`c11`,`c12`,`c13`,`c14`,`c15`,`c16`),
  KEY `a024_long_123456789_123456789_123456789_123456789_123456789_1234` (`c1`,`c2`,`c3`,`c4`,`c5`,`c6`,`c7`,`c8`,`c9`,`c10`,`c11`,`c12`,`c13`,`c14`,`c15`,`c16`),
  KEY `a025_long_123456789_123456789_123456789_123456789_123456789_1234` (`c1`,`c2`,`c3`,`c4`,`c5`,`c6`,`c7`,`c8`,`c9`,`c10`,`c11`,`c12`,`c13`,`c14`,`c15`,`c16`),
  KEY `a026_long_123456789_123456789_123456789_123456789_123456789_1234` (`c1`,`c2`,`c3`,`c4`,`c5`,`c6`,`c7`,`c8`,`c9`,`c10`,`c11`,`c12`,`c13`,`c14`,`c15`,`c16`),
  KEY `a027_long_123456789_123456789_123456789_123456789_123456789_1234` (`c1`,`c2`,`c3`,`c4`,`c5`,`c6`,`c7`,`c8`,`c9`,`c10`,`c11`,`c12`,`c13`,`c14`,`c15`,`c16`),
  KEY `a028_long_123456789_123456789_123456789_123456789_123456789_1234` (`c1`,`c2`,`c3`,`c4`,`c5`,`c6`,`c7`,`c8`,`c9`,`c10`,`c11`,`c12`,`c13`,`c14`,`c15`,`c16`),
  KEY `a029_long_123456789_123456789_123456789_123456789_123456789_1234` (`c1`,`c2`,`c3`,`c4`,`c5`,`c6`,`c7`,`c8`,`c9`,`c10`,`c11`,`c12`,`c13`,`c14`,`c15`,`c16`),
  KEY `a030_long_123456789_123456789_123456789_123456789_123456789_1234` (`c1`,`c2`,`c3`,`c4`,`c5`,`c6`,`c7`,`c8`,`c9`,`c10`,`c11`,`c12`,`c13`,`c14`,`c15`,`c16`),
  KEY `a031_long_123456789_123456789_123456789_123456789_123456789_1234` (`c1`,`c2`,`c3`,`c4`,`c5`,`c6`,`c7`,`c8`,`c9`,`c10`,`c11`,`c12`,`c13`,`c14`,`c15`,`c16`),
  KEY `a032_long_123456789_123456789_123456789_123456789_123456789_1234` (`c1`,`c2`,`c3`,`c4`,`c5`,`c6`,`c7`,`c8`,`c9`,`c10`,`c11`,`c12`,`c13`,`c14`,`c15`,`c16`),
  KEY `a033_long_123456789_123456789_123456789_123456789_123456789_1234` (`c1`,`c2`,`c3`,`c4`,`c5`,`c6`,`c7`,`c8`,`c9`,`c10`,`c11`,`c12`,`c13`,`c14`,`c15`,`c16`),
  KEY `a034_long_123456789_123456789_123456789_123456789_123456789_1234` (`c1`,`c2`,`c3`,`c4`,`c5`,`c6`,`c7`,`c8`,`c9`,`c10`,`c11`,`c12`,`c13`,`c14`,`c15`,`c16`),
  KEY `a035_long_123456789_123456789_123456789_123456789_123456789_1234` (`c1`,`c2`,`c3`,`c4`,`c5`,`c6`,`c7`,`c8`,`c9`,`c10`,`c11`,`c12`,`c13`,`c14`,`c15`,`c16`),
  KEY `a036_long_123456789_123456789_123456789_123456789_123456789_1234` (`c1`,`c2`,`c3`,`c4`,`c5`,`c6`,`c7`,`c8`,`c9`,`c10`,`c11`,`c12`,`c13`,`c14`,`c15`,`c16`),
  KEY `a037_long_123456789_123456789_123456789_123456789_123456789_1234` (`c1`,`c2`,`c3`,`c4`,`c5`,`c6`,`c7`,`c8`,`c9`,`c10`,`c11`,`c12`,`c13`,`c14`,`c15`,`c16`),
  KEY `a038_long_123456789_123456789_123456789_123456789_123456789_1234` (`c1`,`c2`,`c3`,`c4`,`c5`,`c6`,`c7`,`c8`,`c9`,`c10`,`c11`,`c12`,`c13`,`c14`,`c15`,`c16`),
  KEY `a039_long_123456789_123456789_123456789_123456789_123456789_1234` (`c1`,`c2`,`c3`,`c4`,`c5`,`c6`,`c7`,`c8`,`c9`,`c10`,`c11`,`c12`,`c13`,`c14`,`c15`,`c16`),
  KEY `a040_long_123456789_123456789_123456789_123456789_123456789_1234` (`c1`,`c2`,`c3`,`c4`,`c5`,`c6`,`c7`,`c8`,`c9`,`c10`,`c11`,`c12`,`c13`,`c14`,`c15`,`c16`),
  KEY `a041_long_123456789_123456789_123456789_123456789_123456789_1234` (`c1`,`c2`,`c3`,`c4`,`c5`,`c6`,`c7`,`c8`,`c9`,`c10`,`c11`,`c12`,`c13`,`c14`,`c15`,`c16`),
  KEY `a042_long_123456789_123456789_123456789_123456789_123456789_1234` (`c1`,`c2`,`c3`,`c4`,`c5`,`c6`,`c7`,`c8`,`c9`,`c10`,`c11`,`c12`,`c13`,`c14`,`c15`,`c16`),
  KEY `a043_long_123456789_123456789_123456789_123456789_123456789_1234` (`c1`,`c2`,`c3`,`c4`,`c5`,`c6`,`c7`,`c8`,`c9`,`c10`,`c11`,`c12`,`c13`,`c14`,`c15`,`c16`),
  KEY `a044_long_123456789_123456789_123456789_123456789_123456789_1234` (`c1`,`c2`,`c3`,`c4`,`c5`,`c6`,`c7`,`c8`,`c9`,`c10`,`c11`,`c12`,`c13`,`c14`,`c15`,`c16`),
  KEY `a045_long_123456789_123456789_123456789_123456789_123456789_1234` (`c1`,`c2`,`c3`,`c4`,`c5`,`c6`,`c7`,`c8`,`c9`,`c10`,`c11`,`c12`,`c13`,`c14`,`c15`,`c16`),
  KEY `a046_long_123456789_123456789_123456789_123456789_123456789_1234` (`c1`,`c2`,`c3`,`c4`,`c5`,`c6`,`c7`,`c8`,`c9`,`c10`,`c11`,`c12`,`c13`,`c14`,`c15`,`c16`),
  KEY `a047_long_123456789_123456789_123456789_123456789_123456789_1234` (`c1`,`c2`,`c3`,`c4`,`c5`,`c6`,`c7`,`c8`,`c9`,`c10`,`c11`,`c12`,`c13`,`c14`,`c15`,`c16`),
  KEY `a048_long_123456789_123456789_123456789_123456789_123456789_1234` (`c1`,`c2`,`c3`,`c4`,`c5`,`c6`,`c7`,`c8`,`c9`,`c10`,`c11`,`c12`,`c13`,`c14`,`c15`,`c16`),
  KEY `a049_long_123456789_123456789_123456789_123456789_123456789_1234` (`c1`,`c2`,`c3`,`c4`,`c5`,`c6`,`c7`,`c8`,`c9`,`c10`,`c11`,`c12`,`c13`,`c14`,`c15`,`c16`),
  KEY `a050_long_123456789_123456789_123456789_123456789_123456789_1234` (`c1`,`c2`,`c3`,`c4`,`c5`,`c6`,`c7`,`c8`,`c9`,`c10`,`c11`,`c12`,`c13`,`c14`,`c15`,`c16`),
  KEY `a051_long_123456789_123456789_123456789_123456789_123456789_1234` (`c1`,`c2`,`c3`,`c4`,`c5`,`c6`,`c7`,`c8`,`c9`,`c10`,`c11`,`c12`,`c13`,`c14`,`c15`,`c16`),
  KEY `a052_long_123456789_123456789_123456789_123456789_123456789_1234` (`c1`,`c2`,`c3`,`c4`,`c5`,`c6`,`c7`,`c8`,`c9`,`c10`,`c11`,`c12`,`c13`,`c14`,`c15`,`c16`),
  KEY `a053_long_123456789_123456789_123456789_123456789_123456789_1234` (`c1`,`c2`,`c3`,`c4`,`c5`,`c6`,`c7`,`c8`,`c9`,`c10`,`c11`,`c12`,`c13`,`c14`,`c15`,`c16`),
  KEY `a054_long_123456789_123456789_123456789_123456789_123456789_1234` (`c1`,`c2`,`c3`,`c4`,`c5`,`c6`,`c7`,`c8`,`c9`,`c10`,`c11`,`c12`,`c13`,`c14`,`c15`,`c16`),
  KEY `a055_long_123456789_123456789_123456789_123456789_123456789_1234` (`c1`,`c2`,`c3`,`c4`,`c5`,`c6`,`c7`,`c8`,`c9`,`c10`,`c11`,`c12`,`c13`,`c14`,`c15`,`c16`),
  KEY `a056_long_123456789_123456789_123456789_123456789_123456789_1234` (`c1`,`c2`,`c3`,`c4`,`c5`,`c6`,`c7`,`c8`,`c9`,`c10`,`c11`,`c12`,`c13`,`c14`,`c15`,`c16`),
  KEY `a057_long_123456789_123456789_123456789_123456789_123456789_1234` (`c1`,`c2`,`c3`,`c4`,`c5`,`c6`,`c7`,`c8`,`c9`,`c10`,`c11`,`c12`,`c13`,`c14`,`c15`,`c16`),
  KEY `a058_long_123456789_123456789_123456789_123456789_123456789_1234` (`c1`,`c2`,`c3`,`c4`,`c5`,`c6`,`c7`,`c8`,`c9`,`c10`,`c11`,`c12`,`c13`,`c14`,`c15`,`c16`),
  KEY `a059_long_123456789_123456789_123456789_123456789_123456789_1234` (`c1`,`c2`,`c3`,`c4`,`c5`,`c6`,`c7`,`c8`,`c9`,`c10`,`c11`,`c12`,`c13`,`c14`,`c15`,`c16`),
  KEY `a060_long_123456789_123456789_123456789_123456789_123456789_1234` (`c1`,`c2`,`c3`,`c4`,`c5`,`c6`,`c7`,`c8`,`c9`,`c10`,`c11`,`c12`,`c13`,`c14`,`c15`,`c16`),
  KEY `a061_long_123456789_123456789_123456789_123456789_123456789_1234` (`c1`,`c2`,`c3`,`c4`,`c5`,`c6`,`c7`,`c8`,`c9`,`c10`,`c11`,`c12`,`c13`,`c14`,`c15`,`c16`),
  KEY `a062_long_123456789_123456789_123456789_123456789_123456789_1234` (`c1`,`c2`,`c3`,`c4`,`c5`,`c6`,`c7`,`c8`,`c9`,`c10`,`c11`,`c12`,`c13`,`c14`,`c15`,`c16`),
  KEY `a063_long_123456789_123456789_123456789_123456789_123456789_1234` (`c1`,`c2`,`c3`,`c4`,`c5`,`c6`,`c7`,`c8`,`c9`,`c10`,`c11`,`c12`,`c13`,`c14`,`c15`,`c16`),
  KEY `a064_long_123456789_123456789_123456789_123456789_123456789_1234` (`c1`,`c2`,`c3`,`c4`,`c5`,`c6`,`c7`,`c8`,`c9`,`c10`,`c11`,`c12`,`c13`,`c14`,`c15`,`c16`)
) ENGINE=DEFAULT
flush tables;
show create table t1;
Table	Create Table
t1	CREATE TABLE `t1` (
  `c1` int DEFAULT NULL,
  `c2` int DEFAULT NULL,
  `c3` int DEFAULT NULL,
  `c4` int DEFAULT NULL,
  `c5` int DEFAULT NULL,
  `c6` int DEFAULT NULL,
  `c7` int DEFAULT NULL,
  `c8` int DEFAULT NULL,
  `c9` int DEFAULT NULL,
  `c10` int DEFAULT NULL,
  `c11` int DEFAULT NULL,
  `c12` int DEFAULT NULL,
  `c13` int DEFAULT NULL,
  `c14` int DEFAULT NULL,
  `c15` int DEFAULT NULL,
  `c16` int DEFAULT NULL,
  KEY `a001_long_123456789_123456789_123456789_123456789_123456789_1234` (`c1`,`c2`,`c3`,`c4`,`c5`,`c6`,`c7`,`c8`,`c9`,`c10`,`c11`,`c12`,`c13`,`c14`,`c15`,`c16`),
  KEY `a002_long_123456789_123456789_123456789_123456789_123456789_1234` (`c1`,`c2`,`c3`,`c4`,`c5`,`c6`,`c7`,`c8`,`c9`,`c10`,`c11`,`c12`,`c13`,`c14`,`c15`,`c16`),
  KEY `a003_long_123456789_123456789_123456789_123456789_123456789_1234` (`c1`,`c2`,`c3`,`c4`,`c5`,`c6`,`c7`,`c8`,`c9`,`c10`,`c11`,`c12`,`c13`,`c14`,`c15`,`c16`),
  KEY `a004_long_123456789_123456789_123456789_123456789_123456789_1234` (`c1`,`c2`,`c3`,`c4`,`c5`,`c6`,`c7`,`c8`,`c9`,`c10`,`c11`,`c12`,`c13`,`c14`,`c15`,`c16`),
  KEY `a005_long_123456789_123456789_123456789_123456789_123456789_1234` (`c1`,`c2`,`c3`,`c4`,`c5`,`c6`,`c7`,`c8`,`c9`,`c10`,`c11`,`c12`,`c13`,`c14`,`c15`,`c16`),
  KEY `a006_long_123456789_123456789_123456789_123456789_123456789_1234` (`c1`,`c2`,`c3`,`c4`,`c5`,`c6`,`c7`,`c8`,`c9`,`c10`,`c11`,`c12`,`c13`,`c14`,`c15`,`c16`),
  KEY `a007_long_123456789_123456789_123456789_123456789_123456789_1234` (`c1`,`c2`,`c3`,`c4`,`c5`,`c6`,`c7`,`c8`,`c9`,`c10`,`c11`,`c12`,`c13`,`c14`,`c15`,`c16`),
  KEY `a008_long_123456789_123456789_123456789_123456789_123456789_1234` (`c1`,`c2`,`c3`,`c4`,`c5`,`c6`,`c7`,`c8`,`c9`,`c10`,`c11`,`c12`,`c13`,`c14`,`c15`,`c16`),
  KEY `a009_long_123456789_123456789_123456789_123456789_123456789_1234` (`c1`,`c2`,`c3`,`c4`,`c5`,`c6`,`c7`,`c8`,`c9`,`c10`,`c11`,`c12`,`c13`,`c14`,`c15`,`c16`),
  KEY `a010_long_123456789_123456789_123456789_123456789_123456789_1234` (`c1`,`c2`,`c3`,`c4`,`c5`,`c6`,`c7`,`c8`,`c9`,`c10`,`c11`,`c12`,`c13`,`c14`,`c15`,`c16`),
  KEY `a011_long_123456789_123456789_123456789_123456789_123456789_1234` (`c1`,`c2`,`c3`,`c4`,`c5`,`c6`,`c7`,`c8`,`c9`,`c10`,`c11`,`c12`,`c13`,`c14`,`c15`,`c16`),
  KEY `a012_long_123456789_123456789_123456789_123456789_123456789_1234` (`c1`,`c2`,`c3`,`c4`,`c5`,`c6`,`c7`,`c8`,`c9`,`c10`,`c11`,`c12`,`c13`,`c14`,`c15`,`c16`),
  KEY `a013_long_123456789_123456789_123456789_123456789_123456789_1234` (`c1`,`c2`,`c3`,`c4`,`c5`,`c6`,`c7`,`c8`,`c9`,`c10`,`c11`,`c12`,`c13`,`c14`,`c15`,`c16`),
  KEY `a014_long_123456789_123456789_123456789_123456789_123456789_1234` (`c1`,`c2`,`c3`,`c4`,`c5`,`c6`,`c7`,`c8`,`c9`,`c10`,`c11`,`c12`,`c13`,`c14`,`c15`,`c16`),
  KEY `a015_long_123456789_123456789_123456789_123456789_123456789_1234` (`c1`,`c2`,`c3`,`c4`,`c5`,`c6`,`c7`,`c8`,`c9`,`c10`,`c11`,`c12`,`c13`,`c14`,`c15`,`c16`),
  KEY `a016_long_123456789_123456789_123456789_123456789_123456789_1234` (`c1`,`c2`,`c3`,`c4`,`c5`,`c6`,`c7`,`c8`,`c9`,`c10`,`c11`,`c12`,`c13`,`c14`,`c15`,`c16`),
  KEY `a017_long_123456789_123456789_123456789_123456789_123456789_1234` (`c1`,`c2`,`c3`,`c4`,`c5`,`c6`,`c7`,`c8`,`c9`,`c10`,`c11`,`c12`,`c13`,`c14`,`c15`,`c16`),
  KEY `a018_long_123456789_123456789_123456789_123456789_123456789_1234` (`c1`,`c2`,`c3`,`c4`,`c5`,`c6`,`c7`,`c8`,`c9`,`c10`,`c11`,`c12`,`c13`,`c14`,`c15`,`c16`),
  KEY `a019_long_123456789_123456789_123456789_123456789_123456789_1234` (`c1`,`c2`,`c3`,`c4`,`c5`,`c6`,`c7`,`c8`,`c9`,`c10`,`c11`,`c12`,`c13`,`c14`,`c15`,`c16`),
  KEY `a020_long_123456789_123456789_123456789_123456789_123456789_1234` (`c1`,`c2`,`c3`,`c4`,`c5`,`c6`,`c7`,`c8`,`c9`,`c10`,`c11`,`c12`,`c13`,`c14`,`c15`,`c16`),
  KEY `a021_long_123456789_123456789_123456789_123456789_123456789_1234` (`c1`,`c2`,`c3`,`c4`,`c5`,`c6`,`c7`,`c8`,`c9`,`c10`,`c11`,`c12`,`c13`,`c14`,`c15`,`c16`),
  KEY `a022_long_123456789_123456789_123456789_123456789_123456789_1234` (`c1`,`c2`,`c3`,`c4`,`c5`,`c6`,`c7`,`c8`,`c9`,`c10`,`c11`,`c12`,`c13`,`c14`,`c15`,`c16`),
  KEY `a023_long_123456789_123456789_123456789_123456789_123456789_1234` (`c1`,`c2`,`c3`,`c4`,`c5`,`c6`,`c7`,`c8`,`c9`,`c10`,`c11`,`c12`,`c13`,`c14`,`c15`,`c16`),
  KEY `a024_long_123456789_123456789_123456789_123456789_123456789_1234` (`c1`,`c2`,`c3`,`c4`,`c5`,`c6`,`c7`,`c8`,`c9`,`c10`,`c11`,`c12`,`c13`,`c14`,`c15`,`c16`),
  KEY `a025_long_123456789_123456789_123456789_123456789_123456789_1234` (`c1`,`c2`,`c3`,`c4`,`c5`,`c6`,`c7`,`c8`,`c9`,`c10`,`c11`,`c12`,`c13`,`c14`,`c15`,`c16`),
  KEY `a026_long_123456789_123456789_123456789_123456789_123456789_1234` (`c1`,`c2`,`c3`,`c4`,`c5`,`c6`,`c7`,`c8`,`c9`,`c10`,`c11`,`c12`,`c13`,`c14`,`c15`,`c16`),
  KEY `a027_long_123456789_123456789_123456789_123456789_123456789_1234` (`c1`,`c2`,`c3`,`c4`,`c5`,`c6`,`c7`,`c8`,`c9`,`c10`,`c11`,`c12`,`c13`,`c14`,`c15`,`c16`),
  KEY `a028_long_123456789_123456789_123456789_123456789_123456789_1234` (`c1`,`c2`,`c3`,`c4`,`c5`,`c6`,`c7`,`c8`,`c9`,`c10`,`c11`,`c12`,`c13`,`c14`,`c15`,`c16`),
  KEY `a029_long_123456789_123456789_123456789_123456789_123456789_1234` (`c1`,`c2`,`c3`,`c4`,`c5`,`c6`,`c7`,`c8`,`c9`,`c10`,`c11`,`c12`,`c13`,`c14`,`c15`,`c16`),
  KEY `a030_long_123456789_123456789_123456789_123456789_123456789_1234` (`c1`,`c2`,`c3`,`c4`,`c5`,`c6`,`c7`,`c8`,`c9`,`c10`,`c11`,`c12`,`c13`,`c14`,`c15`,`c16`),
  KEY `a031_long_123456789_123456789_123456789_123456789_123456789_1234` (`c1`,`c2`,`c3`,`c4`,`c5`,`c6`,`c7`,`c8`,`c9`,`c10`,`c11`,`c12`,`c13`,`c14`,`c15`,`c16`),
  KEY `a032_long_123456789_123456789_123456789_123456789_123456789_1234` (`c1`,`c2`,`c3`,`c4`,`c5`,`c6`,`c7`,`c8`,`c9`,`c10`,`c11`,`c12`,`c13`,`c14`,`c15`,`c16`),
  KEY `a033_long_123456789_123456789_123456789_123456789_123456789_1234` (`c1`,`c2`,`c3`,`c4`,`c5`,`c6`,`c7`,`c8`,`c9`,`c10`,`c11`,`c12`,`c13`,`c14`,`c15`,`c16`),
  KEY `a034_long_123456789_123456789_123456789_123456789_123456789_1234` (`c1`,`c2`,`c3`,`c4`,`c5`,`c6`,`c7`,`c8`,`c9`,`c10`,`c11`,`c12`,`c13`,`c14`,`c15`,`c16`),
  KEY `a035_long_123456789_123456789_123456789_123456789_123456789_1234` (`c1`,`c2`,`c3`,`c4`,`c5`,`c6`,`c7`,`c8`,`c9`,`c10`,`c11`,`c12`,`c13`,`c14`,`c15`,`c16`),
  KEY `a036_long_123456789_123456789_123456789_123456789_123456789_1234` (`c1`,`c2`,`c3`,`c4`,`c5`,`c6`,`c7`,`c8`,`c9`,`c10`,`c11`,`c12`,`c13`,`c14`,`c15`,`c16`),
  KEY `a037_long_123456789_123456789_123456789_123456789_123456789_1234` (`c1`,`c2`,`c3`,`c4`,`c5`,`c6`,`c7`,`c8`,`c9`,`c10`,`c11`,`c12`,`c13`,`c14`,`c15`,`c16`),
  KEY `a038_long_123456789_123456789_123456789_123456789_123456789_1234` (`c1`,`c2`,`c3`,`c4`,`c5`,`c6`,`c7`,`c8`,`c9`,`c10`,`c11`,`c12`,`c13`,`c14`,`c15`,`c16`),
  KEY `a039_long_123456789_123456789_123456789_123456789_123456789_1234` (`c1`,`c2`,`c3`,`c4`,`c5`,`c6`,`c7`,`c8`,`c9`,`c10`,`c11`,`c12`,`c13`,`c14`,`c15`,`c16`),
  KEY `a040_long_123456789_123456789_123456789_123456789_123456789_1234` (`c1`,`c2`,`c3`,`c4`,`c5`,`c6`,`c7`,`c8`,`c9`,`c10`,`c11`,`c12`,`c13`,`c14`,`c15`,`c16`),
  KEY `a041_long_123456789_123456789_123456789_123456789_123456789_1234` (`c1`,`c2`,`c3`,`c4`,`c5`,`c6`,`c7`,`c8`,`c9`,`c10`,`c11`,`c12`,`c13`,`c14`,`c15`,`c16`),
  KEY `a042_long_123456789_123456789_123456789_123456789_123456789_1234` (`c1`,`c2`,`c3`,`c4`,`c5`,`c6`,`c7`,`c8`,`c9`,`c10`,`c11`,`c12`,`c13`,`c14`,`c15`,`c16`),
  KEY `a043_long_123456789_123456789_123456789_123456789_123456789_1234` (`c1`,`c2`,`c3`,`c4`,`c5`,`c6`,`c7`,`c8`,`c9`,`c10`,`c11`,`c12`,`c13`,`c14`,`c15`,`c16`),
  KEY `a044_long_123456789_123456789_123456789_123456789_123456789_1234` (`c1`,`c2`,`c3`,`c4`,`c5`,`c6`,`c7`,`c8`,`c9`,`c10`,`c11`,`c12`,`c13`,`c14`,`c15`,`c16`),
  KEY `a045_long_123456789_123456789_123456789_123456789_123456789_1234` (`c1`,`c2`,`c3`,`c4`,`c5`,`c6`,`c7`,`c8`,`c9`,`c10`,`c11`,`c12`,`c13`,`c14`,`c15`,`c16`),
  KEY `a046_long_123456789_123456789_123456789_123456789_123456789_1234` (`c1`,`c2`,`c3`,`c4`,`c5`,`c6`,`c7`,`c8`,`c9`,`c10`,`c11`,`c12`,`c13`,`c14`,`c15`,`c16`),
  KEY `a047_long_123456789_123456789_123456789_123456789_123456789_1234` (`c1`,`c2`,`c3`,`c4`,`c5`,`c6`,`c7`,`c8`,`c9`,`c10`,`c11`,`c12`,`c13`,`c14`,`c15`,`c16`),
  KEY `a048_long_123456789_123456789_123456789_123456789_123456789_1234` (`c1`,`c2`,`c3`,`c4`,`c5`,`c6`,`c7`,`c8`,`c9`,`c10`,`c11`,`c12`,`c13`,`c14`,`c15`,`c16`),
  KEY `a049_long_123456789_123456789_123456789_123456789_123456789_1234` (`c1`,`c2`,`c3`,`c4`,`c5`,`c6`,`c7`,`c8`,`c9`,`c10`,`c11`,`c12`,`c13`,`c14`,`c15`,`c16`),
  KEY `a050_long_123456789_123456789_123456789_123456789_123456789_1234` (`c1`,`c2`,`c3`,`c4`,`c5`,`c6`,`c7`,`c8`,`c9`,`c10`,`c11`,`c12`,`c13`,`c14`,`c15`,`c16`),
  KEY `a051_long_123456789_123456789_123456789_123456789_123456789_1234` (`c1`,`c2`,`c3`,`c4`,`c5`,`c6`,`c7`,`c8`,`c9`,`c10`,`c11`,`c12`,`c13`,`c14`,`c15`,`c16`),
  KEY `a052_long_123456789_123456789_123456789_123456789_123456789_1234` (`c1`,`c2`,`c3`,`c4`,`c5`,`c6`,`c7`,`c8`,`c9`,`c10`,`c11`,`c12`,`c13`,`c14`,`c15`,`c16`),
  KEY `a053_long_123456789_123456789_123456789_123456789_123456789_1234` (`c1`,`c2`,`c3`,`c4`,`c5`,`c6`,`c7`,`c8`,`c9`,`c10`,`c11`,`c12`,`c13`,`c14`,`c15`,`c16`),
  KEY `a054_long_123456789_123456789_123456789_123456789_123456789_1234` (`c1`,`c2`,`c3`,`c4`,`c5`,`c6`,`c7`,`c8`,`c9`,`c10`,`c11`,`c12`,`c13`,`c14`,`c15`,`c16`),
  KEY `a055_long_123456789_123456789_123456789_123456789_123456789_1234` (`c1`,`c2`,`c3`,`c4`,`c5`,`c6`,`c7`,`c8`,`c9`,`c10`,`c11`,`c12`,`c13`,`c14`,`c15`,`c16`),
  KEY `a056_long_123456789_123456789_123456789_123456789_123456789_1234` (`c1`,`c2`,`c3`,`c4`,`c5`,`c6`,`c7`,`c8`,`c9`,`c10`,`c11`,`c12`,`c13`,`c14`,`c15`,`c16`),
  KEY `a057_long_123456789_123456789_123456789_123456789_123456789_1234` (`c1`,`c2`,`c3`,`c4`,`c5`,`c6`,`c7`,`c8`,`c9`,`c10`,`c11`,`c12`,`c13`,`c14`,`c15`,`c16`),
  KEY `a058_long_123456789_123456789_123456789_123456789_123456789_1234` (`c1`,`c2`,`c3`,`c4`,`c5`,`c6`,`c7`,`c8`,`c9`,`c10`,`c11`,`c12`,`c13`,`c14`,`c15`,`c16`),
  KEY `a059_long_123456789_123456789_123456789_123456789_123456789_1234` (`c1`,`c2`,`c3`,`c4`,`c5`,`c6`,`c7`,`c8`,`c9`,`c10`,`c11`,`c12`,`c13`,`c14`,`c15`,`c16`),
  KEY `a060_long_123456789_123456789_123456789_123456789_123456789_1234` (`c1`,`c2`,`c3`,`c4`,`c5`,`c6`,`c7`,`c8`,`c9`,`c10`,`c11`,`c12`,`c13`,`c14`,`c15`,`c16`),
  KEY `a061_long_123456789_123456789_123456789_123456789_123456789_1234` (`c1`,`c2`,`c3`,`c4`,`c5`,`c6`,`c7`,`c8`,`c9`,`c10`,`c11`,`c12`,`c13`,`c14`,`c15`,`c16`),
  KEY `a062_long_123456789_123456789_123456789_123456789_123456789_1234` (`c1`,`c2`,`c3`,`c4`,`c5`,`c6`,`c7`,`c8`,`c9`,`c10`,`c11`,`c12`,`c13`,`c14`,`c15`,`c16`),
  KEY `a063_long_123456789_123456789_123456789_123456789_123456789_1234` (`c1`,`c2`,`c3`,`c4`,`c5`,`c6`,`c7`,`c8`,`c9`,`c10`,`c11`,`c12`,`c13`,`c14`,`c15`,`c16`),
  KEY `a064_long_123456789_123456789_123456789_123456789_123456789_1234` (`c1`,`c2`,`c3`,`c4`,`c5`,`c6`,`c7`,`c8`,`c9`,`c10`,`c11`,`c12`,`c13`,`c14`,`c15`,`c16`)
) ENGINE=DEFAULT
drop table t1;
create table t1 (c1 int, c2 int, c3 int, c4 int, c5 int, c6 int, c7 int, 
c8 int, c9 int, c10 int, c11 int, c12 int, c13 int, c14 int, c15 int, c16 int);
alter table t1
add key a001_long_123456789_123456789_123456789_123456789_123456789_1234 (
c1,c2,c3,c4,c5,c6,c7,c8,c9,c10,c11,c12,c13,c14,c15,c16),
add key a002_long_123456789_123456789_123456789_123456789_123456789_1234 (
c1,c2,c3,c4,c5,c6,c7,c8,c9,c10,c11,c12,c13,c14,c15,c16),
add key a003_long_123456789_123456789_123456789_123456789_123456789_1234 (
c1,c2,c3,c4,c5,c6,c7,c8,c9,c10,c11,c12,c13,c14,c15,c16),
add key a004_long_123456789_123456789_123456789_123456789_123456789_1234 (
c1,c2,c3,c4,c5,c6,c7,c8,c9,c10,c11,c12,c13,c14,c15,c16),
add key a005_long_123456789_123456789_123456789_123456789_123456789_1234 (
c1,c2,c3,c4,c5,c6,c7,c8,c9,c10,c11,c12,c13,c14,c15,c16),
add key a006_long_123456789_123456789_123456789_123456789_123456789_1234 (
c1,c2,c3,c4,c5,c6,c7,c8,c9,c10,c11,c12,c13,c14,c15,c16),
add key a007_long_123456789_123456789_123456789_123456789_123456789_1234 (
c1,c2,c3,c4,c5,c6,c7,c8,c9,c10,c11,c12,c13,c14,c15,c16),
add key a008_long_123456789_123456789_123456789_123456789_123456789_1234 (
c1,c2,c3,c4,c5,c6,c7,c8,c9,c10,c11,c12,c13,c14,c15,c16),
add key a009_long_123456789_123456789_123456789_123456789_123456789_1234 (
c1,c2,c3,c4,c5,c6,c7,c8,c9,c10,c11,c12,c13,c14,c15,c16),
add key a010_long_123456789_123456789_123456789_123456789_123456789_1234 (
c1,c2,c3,c4,c5,c6,c7,c8,c9,c10,c11,c12,c13,c14,c15,c16),
add key a011_long_123456789_123456789_123456789_123456789_123456789_1234 (
c1,c2,c3,c4,c5,c6,c7,c8,c9,c10,c11,c12,c13,c14,c15,c16),
add key a012_long_123456789_123456789_123456789_123456789_123456789_1234 (
c1,c2,c3,c4,c5,c6,c7,c8,c9,c10,c11,c12,c13,c14,c15,c16),
add key a013_long_123456789_123456789_123456789_123456789_123456789_1234 (
c1,c2,c3,c4,c5,c6,c7,c8,c9,c10,c11,c12,c13,c14,c15,c16),
add key a014_long_123456789_123456789_123456789_123456789_123456789_1234 (
c1,c2,c3,c4,c5,c6,c7,c8,c9,c10,c11,c12,c13,c14,c15,c16),
add key a015_long_123456789_123456789_123456789_123456789_123456789_1234 (
c1,c2,c3,c4,c5,c6,c7,c8,c9,c10,c11,c12,c13,c14,c15,c16),
add key a016_long_123456789_123456789_123456789_123456789_123456789_1234 (
c1,c2,c3,c4,c5,c6,c7,c8,c9,c10,c11,c12,c13,c14,c15,c16),
add key a017_long_123456789_123456789_123456789_123456789_123456789_1234 (
c1,c2,c3,c4,c5,c6,c7,c8,c9,c10,c11,c12,c13,c14,c15,c16),
add key a018_long_123456789_123456789_123456789_123456789_123456789_1234 (
c1,c2,c3,c4,c5,c6,c7,c8,c9,c10,c11,c12,c13,c14,c15,c16),
add key a019_long_123456789_123456789_123456789_123456789_123456789_1234 (
c1,c2,c3,c4,c5,c6,c7,c8,c9,c10,c11,c12,c13,c14,c15,c16),
add key a020_long_123456789_123456789_123456789_123456789_123456789_1234 (
c1,c2,c3,c4,c5,c6,c7,c8,c9,c10,c11,c12,c13,c14,c15,c16),
add key a021_long_123456789_123456789_123456789_123456789_123456789_1234 (
c1,c2,c3,c4,c5,c6,c7,c8,c9,c10,c11,c12,c13,c14,c15,c16),
add key a022_long_123456789_123456789_123456789_123456789_123456789_1234 (
c1,c2,c3,c4,c5,c6,c7,c8,c9,c10,c11,c12,c13,c14,c15,c16),
add key a023_long_123456789_123456789_123456789_123456789_123456789_1234 (
c1,c2,c3,c4,c5,c6,c7,c8,c9,c10,c11,c12,c13,c14,c15,c16),
add key a024_long_123456789_123456789_123456789_123456789_123456789_1234 (
c1,c2,c3,c4,c5,c6,c7,c8,c9,c10,c11,c12,c13,c14,c15,c16),
add key a025_long_123456789_123456789_123456789_123456789_123456789_1234 (
c1,c2,c3,c4,c5,c6,c7,c8,c9,c10,c11,c12,c13,c14,c15,c16),
add key a026_long_123456789_123456789_123456789_123456789_123456789_1234 (
c1,c2,c3,c4,c5,c6,c7,c8,c9,c10,c11,c12,c13,c14,c15,c16),
add key a027_long_123456789_123456789_123456789_123456789_123456789_1234 (
c1,c2,c3,c4,c5,c6,c7,c8,c9,c10,c11,c12,c13,c14,c15,c16),
add key a028_long_123456789_123456789_123456789_123456789_123456789_1234 (
c1,c2,c3,c4,c5,c6,c7,c8,c9,c10,c11,c12,c13,c14,c15,c16),
add key a029_long_123456789_123456789_123456789_123456789_123456789_1234 (
c1,c2,c3,c4,c5,c6,c7,c8,c9,c10,c11,c12,c13,c14,c15,c16),
add key a030_long_123456789_123456789_123456789_123456789_123456789_1234 (
c1,c2,c3,c4,c5,c6,c7,c8,c9,c10,c11,c12,c13,c14,c15,c16),
add key a031_long_123456789_123456789_123456789_123456789_123456789_1234 (
c1,c2,c3,c4,c5,c6,c7,c8,c9,c10,c11,c12,c13,c14,c15,c16),
add key a032_long_123456789_123456789_123456789_123456789_123456789_1234 (
c1,c2,c3,c4,c5,c6,c7,c8,c9,c10,c11,c12,c13,c14,c15,c16),
add key a033_long_123456789_123456789_123456789_123456789_123456789_1234 (
c1,c2,c3,c4,c5,c6,c7,c8,c9,c10,c11,c12,c13,c14,c15,c16),
add key a034_long_123456789_123456789_123456789_123456789_123456789_1234 (
c1,c2,c3,c4,c5,c6,c7,c8,c9,c10,c11,c12,c13,c14,c15,c16),
add key a035_long_123456789_123456789_123456789_123456789_123456789_1234 (
c1,c2,c3,c4,c5,c6,c7,c8,c9,c10,c11,c12,c13,c14,c15,c16),
add key a036_long_123456789_123456789_123456789_123456789_123456789_1234 (
c1,c2,c3,c4,c5,c6,c7,c8,c9,c10,c11,c12,c13,c14,c15,c16),
add key a037_long_123456789_123456789_123456789_123456789_123456789_1234 (
c1,c2,c3,c4,c5,c6,c7,c8,c9,c10,c11,c12,c13,c14,c15,c16),
add key a038_long_123456789_123456789_123456789_123456789_123456789_1234 (
c1,c2,c3,c4,c5,c6,c7,c8,c9,c10,c11,c12,c13,c14,c15,c16),
add key a039_long_123456789_123456789_123456789_123456789_123456789_1234 (
c1,c2,c3,c4,c5,c6,c7,c8,c9,c10,c11,c12,c13,c14,c15,c16),
add key a040_long_123456789_123456789_123456789_123456789_123456789_1234 (
c1,c2,c3,c4,c5,c6,c7,c8,c9,c10,c11,c12,c13,c14,c15,c16),
add key a041_long_123456789_123456789_123456789_123456789_123456789_1234 (
c1,c2,c3,c4,c5,c6,c7,c8,c9,c10,c11,c12,c13,c14,c15,c16),
add key a042_long_123456789_123456789_123456789_123456789_123456789_1234 (
c1,c2,c3,c4,c5,c6,c7,c8,c9,c10,c11,c12,c13,c14,c15,c16),
add key a043_long_123456789_123456789_123456789_123456789_123456789_1234 (
c1,c2,c3,c4,c5,c6,c7,c8,c9,c10,c11,c12,c13,c14,c15,c16),
add key a044_long_123456789_123456789_123456789_123456789_123456789_1234 (
c1,c2,c3,c4,c5,c6,c7,c8,c9,c10,c11,c12,c13,c14,c15,c16),
add key a045_long_123456789_123456789_123456789_123456789_123456789_1234 (
c1,c2,c3,c4,c5,c6,c7,c8,c9,c10,c11,c12,c13,c14,c15,c16),
add key a046_long_123456789_123456789_123456789_123456789_123456789_1234 (
c1,c2,c3,c4,c5,c6,c7,c8,c9,c10,c11,c12,c13,c14,c15,c16),
add key a047_long_123456789_123456789_123456789_123456789_123456789_1234 (
c1,c2,c3,c4,c5,c6,c7,c8,c9,c10,c11,c12,c13,c14,c15,c16),
add key a048_long_123456789_123456789_123456789_123456789_123456789_1234 (
c1,c2,c3,c4,c5,c6,c7,c8,c9,c10,c11,c12,c13,c14,c15,c16),
add key a049_long_123456789_123456789_123456789_123456789_123456789_1234 (
c1,c2,c3,c4,c5,c6,c7,c8,c9,c10,c11,c12,c13,c14,c15,c16),
add key a050_long_123456789_123456789_123456789_123456789_123456789_1234 (
c1,c2,c3,c4,c5,c6,c7,c8,c9,c10,c11,c12,c13,c14,c15,c16),
add key a051_long_123456789_123456789_123456789_123456789_123456789_1234 (
c1,c2,c3,c4,c5,c6,c7,c8,c9,c10,c11,c12,c13,c14,c15,c16),
add key a052_long_123456789_123456789_123456789_123456789_123456789_1234 (
c1,c2,c3,c4,c5,c6,c7,c8,c9,c10,c11,c12,c13,c14,c15,c16),
add key a053_long_123456789_123456789_123456789_123456789_123456789_1234 (
c1,c2,c3,c4,c5,c6,c7,c8,c9,c10,c11,c12,c13,c14,c15,c16),
add key a054_long_123456789_123456789_123456789_123456789_123456789_1234 (
c1,c2,c3,c4,c5,c6,c7,c8,c9,c10,c11,c12,c13,c14,c15,c16),
add key a055_long_123456789_123456789_123456789_123456789_123456789_1234 (
c1,c2,c3,c4,c5,c6,c7,c8,c9,c10,c11,c12,c13,c14,c15,c16),
add key a056_long_123456789_123456789_123456789_123456789_123456789_1234 (
c1,c2,c3,c4,c5,c6,c7,c8,c9,c10,c11,c12,c13,c14,c15,c16),
add key a057_long_123456789_123456789_123456789_123456789_123456789_1234 (
c1,c2,c3,c4,c5,c6,c7,c8,c9,c10,c11,c12,c13,c14,c15,c16),
add key a058_long_123456789_123456789_123456789_123456789_123456789_1234 (
c1,c2,c3,c4,c5,c6,c7,c8,c9,c10,c11,c12,c13,c14,c15,c16),
add key a059_long_123456789_123456789_123456789_123456789_123456789_1234 (
c1,c2,c3,c4,c5,c6,c7,c8,c9,c10,c11,c12,c13,c14,c15,c16),
add key a060_long_123456789_123456789_123456789_123456789_123456789_1234 (
c1,c2,c3,c4,c5,c6,c7,c8,c9,c10,c11,c12,c13,c14,c15,c16),
add key a061_long_123456789_123456789_123456789_123456789_123456789_1234 (
c1,c2,c3,c4,c5,c6,c7,c8,c9,c10,c11,c12,c13,c14,c15,c16),
add key a062_long_123456789_123456789_123456789_123456789_123456789_1234 (
c1,c2,c3,c4,c5,c6,c7,c8,c9,c10,c11,c12,c13,c14,c15,c16),
add key a063_long_123456789_123456789_123456789_123456789_123456789_1234 (
c1,c2,c3,c4,c5,c6,c7,c8,c9,c10,c11,c12,c13,c14,c15,c16),
add key a064_long_123456789_123456789_123456789_123456789_123456789_1234 (
c1,c2,c3,c4,c5,c6,c7,c8,c9,c10,c11,c12,c13,c14,c15,c16);
show create table t1;
Table	Create Table
t1	CREATE TABLE `t1` (
  `c1` int DEFAULT NULL,
  `c2` int DEFAULT NULL,
  `c3` int DEFAULT NULL,
  `c4` int DEFAULT NULL,
  `c5` int DEFAULT NULL,
  `c6` int DEFAULT NULL,
  `c7` int DEFAULT NULL,
  `c8` int DEFAULT NULL,
  `c9` int DEFAULT NULL,
  `c10` int DEFAULT NULL,
  `c11` int DEFAULT NULL,
  `c12` int DEFAULT NULL,
  `c13` int DEFAULT NULL,
  `c14` int DEFAULT NULL,
  `c15` int DEFAULT NULL,
  `c16` int DEFAULT NULL,
  KEY `a001_long_123456789_123456789_123456789_123456789_123456789_1234` (`c1`,`c2`,`c3`,`c4`,`c5`,`c6`,`c7`,`c8`,`c9`,`c10`,`c11`,`c12`,`c13`,`c14`,`c15`,`c16`),
  KEY `a002_long_123456789_123456789_123456789_123456789_123456789_1234` (`c1`,`c2`,`c3`,`c4`,`c5`,`c6`,`c7`,`c8`,`c9`,`c10`,`c11`,`c12`,`c13`,`c14`,`c15`,`c16`),
  KEY `a003_long_123456789_123456789_123456789_123456789_123456789_1234` (`c1`,`c2`,`c3`,`c4`,`c5`,`c6`,`c7`,`c8`,`c9`,`c10`,`c11`,`c12`,`c13`,`c14`,`c15`,`c16`),
  KEY `a004_long_123456789_123456789_123456789_123456789_123456789_1234` (`c1`,`c2`,`c3`,`c4`,`c5`,`c6`,`c7`,`c8`,`c9`,`c10`,`c11`,`c12`,`c13`,`c14`,`c15`,`c16`),
  KEY `a005_long_123456789_123456789_123456789_123456789_123456789_1234` (`c1`,`c2`,`c3`,`c4`,`c5`,`c6`,`c7`,`c8`,`c9`,`c10`,`c11`,`c12`,`c13`,`c14`,`c15`,`c16`),
  KEY `a006_long_123456789_123456789_123456789_123456789_123456789_1234` (`c1`,`c2`,`c3`,`c4`,`c5`,`c6`,`c7`,`c8`,`c9`,`c10`,`c11`,`c12`,`c13`,`c14`,`c15`,`c16`),
  KEY `a007_long_123456789_123456789_123456789_123456789_123456789_1234` (`c1`,`c2`,`c3`,`c4`,`c5`,`c6`,`c7`,`c8`,`c9`,`c10`,`c11`,`c12`,`c13`,`c14`,`c15`,`c16`),
  KEY `a008_long_123456789_123456789_123456789_123456789_123456789_1234` (`c1`,`c2`,`c3`,`c4`,`c5`,`c6`,`c7`,`c8`,`c9`,`c10`,`c11`,`c12`,`c13`,`c14`,`c15`,`c16`),
  KEY `a009_long_123456789_123456789_123456789_123456789_123456789_1234` (`c1`,`c2`,`c3`,`c4`,`c5`,`c6`,`c7`,`c8`,`c9`,`c10`,`c11`,`c12`,`c13`,`c14`,`c15`,`c16`),
  KEY `a010_long_123456789_123456789_123456789_123456789_123456789_1234` (`c1`,`c2`,`c3`,`c4`,`c5`,`c6`,`c7`,`c8`,`c9`,`c10`,`c11`,`c12`,`c13`,`c14`,`c15`,`c16`),
  KEY `a011_long_123456789_123456789_123456789_123456789_123456789_1234` (`c1`,`c2`,`c3`,`c4`,`c5`,`c6`,`c7`,`c8`,`c9`,`c10`,`c11`,`c12`,`c13`,`c14`,`c15`,`c16`),
  KEY `a012_long_123456789_123456789_123456789_123456789_123456789_1234` (`c1`,`c2`,`c3`,`c4`,`c5`,`c6`,`c7`,`c8`,`c9`,`c10`,`c11`,`c12`,`c13`,`c14`,`c15`,`c16`),
  KEY `a013_long_123456789_123456789_123456789_123456789_123456789_1234` (`c1`,`c2`,`c3`,`c4`,`c5`,`c6`,`c7`,`c8`,`c9`,`c10`,`c11`,`c12`,`c13`,`c14`,`c15`,`c16`),
  KEY `a014_long_123456789_123456789_123456789_123456789_123456789_1234` (`c1`,`c2`,`c3`,`c4`,`c5`,`c6`,`c7`,`c8`,`c9`,`c10`,`c11`,`c12`,`c13`,`c14`,`c15`,`c16`),
  KEY `a015_long_123456789_123456789_123456789_123456789_123456789_1234` (`c1`,`c2`,`c3`,`c4`,`c5`,`c6`,`c7`,`c8`,`c9`,`c10`,`c11`,`c12`,`c13`,`c14`,`c15`,`c16`),
  KEY `a016_long_123456789_123456789_123456789_123456789_123456789_1234` (`c1`,`c2`,`c3`,`c4`,`c5`,`c6`,`c7`,`c8`,`c9`,`c10`,`c11`,`c12`,`c13`,`c14`,`c15`,`c16`),
  KEY `a017_long_123456789_123456789_123456789_123456789_123456789_1234` (`c1`,`c2`,`c3`,`c4`,`c5`,`c6`,`c7`,`c8`,`c9`,`c10`,`c11`,`c12`,`c13`,`c14`,`c15`,`c16`),
  KEY `a018_long_123456789_123456789_123456789_123456789_123456789_1234` (`c1`,`c2`,`c3`,`c4`,`c5`,`c6`,`c7`,`c8`,`c9`,`c10`,`c11`,`c12`,`c13`,`c14`,`c15`,`c16`),
  KEY `a019_long_123456789_123456789_123456789_123456789_123456789_1234` (`c1`,`c2`,`c3`,`c4`,`c5`,`c6`,`c7`,`c8`,`c9`,`c10`,`c11`,`c12`,`c13`,`c14`,`c15`,`c16`),
  KEY `a020_long_123456789_123456789_123456789_123456789_123456789_1234` (`c1`,`c2`,`c3`,`c4`,`c5`,`c6`,`c7`,`c8`,`c9`,`c10`,`c11`,`c12`,`c13`,`c14`,`c15`,`c16`),
  KEY `a021_long_123456789_123456789_123456789_123456789_123456789_1234` (`c1`,`c2`,`c3`,`c4`,`c5`,`c6`,`c7`,`c8`,`c9`,`c10`,`c11`,`c12`,`c13`,`c14`,`c15`,`c16`),
  KEY `a022_long_123456789_123456789_123456789_123456789_123456789_1234` (`c1`,`c2`,`c3`,`c4`,`c5`,`c6`,`c7`,`c8`,`c9`,`c10`,`c11`,`c12`,`c13`,`c14`,`c15`,`c16`),
  KEY `a023_long_123456789_123456789_123456789_123456789_123456789_1234` (`c1`,`c2`,`c3`,`c4`,`c5`,`c6`,`c7`,`c8`,`c9`,`c10`,`c11`,`c12`,`c13`,`c14`,`c15`,`c16`),
  KEY `a024_long_123456789_123456789_123456789_123456789_123456789_1234` (`c1`,`c2`,`c3`,`c4`,`c5`,`c6`,`c7`,`c8`,`c9`,`c10`,`c11`,`c12`,`c13`,`c14`,`c15`,`c16`),
  KEY `a025_long_123456789_123456789_123456789_123456789_123456789_1234` (`c1`,`c2`,`c3`,`c4`,`c5`,`c6`,`c7`,`c8`,`c9`,`c10`,`c11`,`c12`,`c13`,`c14`,`c15`,`c16`),
  KEY `a026_long_123456789_123456789_123456789_123456789_123456789_1234` (`c1`,`c2`,`c3`,`c4`,`c5`,`c6`,`c7`,`c8`,`c9`,`c10`,`c11`,`c12`,`c13`,`c14`,`c15`,`c16`),
  KEY `a027_long_123456789_123456789_123456789_123456789_123456789_1234` (`c1`,`c2`,`c3`,`c4`,`c5`,`c6`,`c7`,`c8`,`c9`,`c10`,`c11`,`c12`,`c13`,`c14`,`c15`,`c16`),
  KEY `a028_long_123456789_123456789_123456789_123456789_123456789_1234` (`c1`,`c2`,`c3`,`c4`,`c5`,`c6`,`c7`,`c8`,`c9`,`c10`,`c11`,`c12`,`c13`,`c14`,`c15`,`c16`),
  KEY `a029_long_123456789_123456789_123456789_123456789_123456789_1234` (`c1`,`c2`,`c3`,`c4`,`c5`,`c6`,`c7`,`c8`,`c9`,`c10`,`c11`,`c12`,`c13`,`c14`,`c15`,`c16`),
  KEY `a030_long_123456789_123456789_123456789_123456789_123456789_1234` (`c1`,`c2`,`c3`,`c4`,`c5`,`c6`,`c7`,`c8`,`c9`,`c10`,`c11`,`c12`,`c13`,`c14`,`c15`,`c16`),
  KEY `a031_long_123456789_123456789_123456789_123456789_123456789_1234` (`c1`,`c2`,`c3`,`c4`,`c5`,`c6`,`c7`,`c8`,`c9`,`c10`,`c11`,`c12`,`c13`,`c14`,`c15`,`c16`),
  KEY `a032_long_123456789_123456789_123456789_123456789_123456789_1234` (`c1`,`c2`,`c3`,`c4`,`c5`,`c6`,`c7`,`c8`,`c9`,`c10`,`c11`,`c12`,`c13`,`c14`,`c15`,`c16`),
  KEY `a033_long_123456789_123456789_123456789_123456789_123456789_1234` (`c1`,`c2`,`c3`,`c4`,`c5`,`c6`,`c7`,`c8`,`c9`,`c10`,`c11`,`c12`,`c13`,`c14`,`c15`,`c16`),
  KEY `a034_long_123456789_123456789_123456789_123456789_123456789_1234` (`c1`,`c2`,`c3`,`c4`,`c5`,`c6`,`c7`,`c8`,`c9`,`c10`,`c11`,`c12`,`c13`,`c14`,`c15`,`c16`),
  KEY `a035_long_123456789_123456789_123456789_123456789_123456789_1234` (`c1`,`c2`,`c3`,`c4`,`c5`,`c6`,`c7`,`c8`,`c9`,`c10`,`c11`,`c12`,`c13`,`c14`,`c15`,`c16`),
  KEY `a036_long_123456789_123456789_123456789_123456789_123456789_1234` (`c1`,`c2`,`c3`,`c4`,`c5`,`c6`,`c7`,`c8`,`c9`,`c10`,`c11`,`c12`,`c13`,`c14`,`c15`,`c16`),
  KEY `a037_long_123456789_123456789_123456789_123456789_123456789_1234` (`c1`,`c2`,`c3`,`c4`,`c5`,`c6`,`c7`,`c8`,`c9`,`c10`,`c11`,`c12`,`c13`,`c14`,`c15`,`c16`),
  KEY `a038_long_123456789_123456789_123456789_123456789_123456789_1234` (`c1`,`c2`,`c3`,`c4`,`c5`,`c6`,`c7`,`c8`,`c9`,`c10`,`c11`,`c12`,`c13`,`c14`,`c15`,`c16`),
  KEY `a039_long_123456789_123456789_123456789_123456789_123456789_1234` (`c1`,`c2`,`c3`,`c4`,`c5`,`c6`,`c7`,`c8`,`c9`,`c10`,`c11`,`c12`,`c13`,`c14`,`c15`,`c16`),
  KEY `a040_long_123456789_123456789_123456789_123456789_123456789_1234` (`c1`,`c2`,`c3`,`c4`,`c5`,`c6`,`c7`,`c8`,`c9`,`c10`,`c11`,`c12`,`c13`,`c14`,`c15`,`c16`),
  KEY `a041_long_123456789_123456789_123456789_123456789_123456789_1234` (`c1`,`c2`,`c3`,`c4`,`c5`,`c6`,`c7`,`c8`,`c9`,`c10`,`c11`,`c12`,`c13`,`c14`,`c15`,`c16`),
  KEY `a042_long_123456789_123456789_123456789_123456789_123456789_1234` (`c1`,`c2`,`c3`,`c4`,`c5`,`c6`,`c7`,`c8`,`c9`,`c10`,`c11`,`c12`,`c13`,`c14`,`c15`,`c16`),
  KEY `a043_long_123456789_123456789_123456789_123456789_123456789_1234` (`c1`,`c2`,`c3`,`c4`,`c5`,`c6`,`c7`,`c8`,`c9`,`c10`,`c11`,`c12`,`c13`,`c14`,`c15`,`c16`),
  KEY `a044_long_123456789_123456789_123456789_123456789_123456789_1234` (`c1`,`c2`,`c3`,`c4`,`c5`,`c6`,`c7`,`c8`,`c9`,`c10`,`c11`,`c12`,`c13`,`c14`,`c15`,`c16`),
  KEY `a045_long_123456789_123456789_123456789_123456789_123456789_1234` (`c1`,`c2`,`c3`,`c4`,`c5`,`c6`,`c7`,`c8`,`c9`,`c10`,`c11`,`c12`,`c13`,`c14`,`c15`,`c16`),
  KEY `a046_long_123456789_123456789_123456789_123456789_123456789_1234` (`c1`,`c2`,`c3`,`c4`,`c5`,`c6`,`c7`,`c8`,`c9`,`c10`,`c11`,`c12`,`c13`,`c14`,`c15`,`c16`),
  KEY `a047_long_123456789_123456789_123456789_123456789_123456789_1234` (`c1`,`c2`,`c3`,`c4`,`c5`,`c6`,`c7`,`c8`,`c9`,`c10`,`c11`,`c12`,`c13`,`c14`,`c15`,`c16`),
  KEY `a048_long_123456789_123456789_123456789_123456789_123456789_1234` (`c1`,`c2`,`c3`,`c4`,`c5`,`c6`,`c7`,`c8`,`c9`,`c10`,`c11`,`c12`,`c13`,`c14`,`c15`,`c16`),
  KEY `a049_long_123456789_123456789_123456789_123456789_123456789_1234` (`c1`,`c2`,`c3`,`c4`,`c5`,`c6`,`c7`,`c8`,`c9`,`c10`,`c11`,`c12`,`c13`,`c14`,`c15`,`c16`),
  KEY `a050_long_123456789_123456789_123456789_123456789_123456789_1234` (`c1`,`c2`,`c3`,`c4`,`c5`,`c6`,`c7`,`c8`,`c9`,`c10`,`c11`,`c12`,`c13`,`c14`,`c15`,`c16`),
  KEY `a051_long_123456789_123456789_123456789_123456789_123456789_1234` (`c1`,`c2`,`c3`,`c4`,`c5`,`c6`,`c7`,`c8`,`c9`,`c10`,`c11`,`c12`,`c13`,`c14`,`c15`,`c16`),
  KEY `a052_long_123456789_123456789_123456789_123456789_123456789_1234` (`c1`,`c2`,`c3`,`c4`,`c5`,`c6`,`c7`,`c8`,`c9`,`c10`,`c11`,`c12`,`c13`,`c14`,`c15`,`c16`),
  KEY `a053_long_123456789_123456789_123456789_123456789_123456789_1234` (`c1`,`c2`,`c3`,`c4`,`c5`,`c6`,`c7`,`c8`,`c9`,`c10`,`c11`,`c12`,`c13`,`c14`,`c15`,`c16`),
  KEY `a054_long_123456789_123456789_123456789_123456789_123456789_1234` (`c1`,`c2`,`c3`,`c4`,`c5`,`c6`,`c7`,`c8`,`c9`,`c10`,`c11`,`c12`,`c13`,`c14`,`c15`,`c16`),
  KEY `a055_long_123456789_123456789_123456789_123456789_123456789_1234` (`c1`,`c2`,`c3`,`c4`,`c5`,`c6`,`c7`,`c8`,`c9`,`c10`,`c11`,`c12`,`c13`,`c14`,`c15`,`c16`),
  KEY `a056_long_123456789_123456789_123456789_123456789_123456789_1234` (`c1`,`c2`,`c3`,`c4`,`c5`,`c6`,`c7`,`c8`,`c9`,`c10`,`c11`,`c12`,`c13`,`c14`,`c15`,`c16`),
  KEY `a057_long_123456789_123456789_123456789_123456789_123456789_1234` (`c1`,`c2`,`c3`,`c4`,`c5`,`c6`,`c7`,`c8`,`c9`,`c10`,`c11`,`c12`,`c13`,`c14`,`c15`,`c16`),
  KEY `a058_long_123456789_123456789_123456789_123456789_123456789_1234` (`c1`,`c2`,`c3`,`c4`,`c5`,`c6`,`c7`,`c8`,`c9`,`c10`,`c11`,`c12`,`c13`,`c14`,`c15`,`c16`),
  KEY `a059_long_123456789_123456789_123456789_123456789_123456789_1234` (`c1`,`c2`,`c3`,`c4`,`c5`,`c6`,`c7`,`c8`,`c9`,`c10`,`c11`,`c12`,`c13`,`c14`,`c15`,`c16`),
  KEY `a060_long_123456789_123456789_123456789_123456789_123456789_1234` (`c1`,`c2`,`c3`,`c4`,`c5`,`c6`,`c7`,`c8`,`c9`,`c10`,`c11`,`c12`,`c13`,`c14`,`c15`,`c16`),
  KEY `a061_long_123456789_123456789_123456789_123456789_123456789_1234` (`c1`,`c2`,`c3`,`c4`,`c5`,`c6`,`c7`,`c8`,`c9`,`c10`,`c11`,`c12`,`c13`,`c14`,`c15`,`c16`),
  KEY `a062_long_123456789_123456789_123456789_123456789_123456789_1234` (`c1`,`c2`,`c3`,`c4`,`c5`,`c6`,`c7`,`c8`,`c9`,`c10`,`c11`,`c12`,`c13`,`c14`,`c15`,`c16`),
  KEY `a063_long_123456789_123456789_123456789_123456789_123456789_1234` (`c1`,`c2`,`c3`,`c4`,`c5`,`c6`,`c7`,`c8`,`c9`,`c10`,`c11`,`c12`,`c13`,`c14`,`c15`,`c16`),
  KEY `a064_long_123456789_123456789_123456789_123456789_123456789_1234` (`c1`,`c2`,`c3`,`c4`,`c5`,`c6`,`c7`,`c8`,`c9`,`c10`,`c11`,`c12`,`c13`,`c14`,`c15`,`c16`)
) ENGINE=DEFAULT
flush tables;
show create table t1;
Table	Create Table
t1	CREATE TABLE `t1` (
  `c1` int DEFAULT NULL,
  `c2` int DEFAULT NULL,
  `c3` int DEFAULT NULL,
  `c4` int DEFAULT NULL,
  `c5` int DEFAULT NULL,
  `c6` int DEFAULT NULL,
  `c7` int DEFAULT NULL,
  `c8` int DEFAULT NULL,
  `c9` int DEFAULT NULL,
  `c10` int DEFAULT NULL,
  `c11` int DEFAULT NULL,
  `c12` int DEFAULT NULL,
  `c13` int DEFAULT NULL,
  `c14` int DEFAULT NULL,
  `c15` int DEFAULT NULL,
  `c16` int DEFAULT NULL,
  KEY `a001_long_123456789_123456789_123456789_123456789_123456789_1234` (`c1`,`c2`,`c3`,`c4`,`c5`,`c6`,`c7`,`c8`,`c9`,`c10`,`c11`,`c12`,`c13`,`c14`,`c15`,`c16`),
  KEY `a002_long_123456789_123456789_123456789_123456789_123456789_1234` (`c1`,`c2`,`c3`,`c4`,`c5`,`c6`,`c7`,`c8`,`c9`,`c10`,`c11`,`c12`,`c13`,`c14`,`c15`,`c16`),
  KEY `a003_long_123456789_123456789_123456789_123456789_123456789_1234` (`c1`,`c2`,`c3`,`c4`,`c5`,`c6`,`c7`,`c8`,`c9`,`c10`,`c11`,`c12`,`c13`,`c14`,`c15`,`c16`),
  KEY `a004_long_123456789_123456789_123456789_123456789_123456789_1234` (`c1`,`c2`,`c3`,`c4`,`c5`,`c6`,`c7`,`c8`,`c9`,`c10`,`c11`,`c12`,`c13`,`c14`,`c15`,`c16`),
  KEY `a005_long_123456789_123456789_123456789_123456789_123456789_1234` (`c1`,`c2`,`c3`,`c4`,`c5`,`c6`,`c7`,`c8`,`c9`,`c10`,`c11`,`c12`,`c13`,`c14`,`c15`,`c16`),
  KEY `a006_long_123456789_123456789_123456789_123456789_123456789_1234` (`c1`,`c2`,`c3`,`c4`,`c5`,`c6`,`c7`,`c8`,`c9`,`c10`,`c11`,`c12`,`c13`,`c14`,`c15`,`c16`),
  KEY `a007_long_123456789_123456789_123456789_123456789_123456789_1234` (`c1`,`c2`,`c3`,`c4`,`c5`,`c6`,`c7`,`c8`,`c9`,`c10`,`c11`,`c12`,`c13`,`c14`,`c15`,`c16`),
  KEY `a008_long_123456789_123456789_123456789_123456789_123456789_1234` (`c1`,`c2`,`c3`,`c4`,`c5`,`c6`,`c7`,`c8`,`c9`,`c10`,`c11`,`c12`,`c13`,`c14`,`c15`,`c16`),
  KEY `a009_long_123456789_123456789_123456789_123456789_123456789_1234` (`c1`,`c2`,`c3`,`c4`,`c5`,`c6`,`c7`,`c8`,`c9`,`c10`,`c11`,`c12`,`c13`,`c14`,`c15`,`c16`),
  KEY `a010_long_123456789_123456789_123456789_123456789_123456789_1234` (`c1`,`c2`,`c3`,`c4`,`c5`,`c6`,`c7`,`c8`,`c9`,`c10`,`c11`,`c12`,`c13`,`c14`,`c15`,`c16`),
  KEY `a011_long_123456789_123456789_123456789_123456789_123456789_1234` (`c1`,`c2`,`c3`,`c4`,`c5`,`c6`,`c7`,`c8`,`c9`,`c10`,`c11`,`c12`,`c13`,`c14`,`c15`,`c16`),
  KEY `a012_long_123456789_123456789_123456789_123456789_123456789_1234` (`c1`,`c2`,`c3`,`c4`,`c5`,`c6`,`c7`,`c8`,`c9`,`c10`,`c11`,`c12`,`c13`,`c14`,`c15`,`c16`),
  KEY `a013_long_123456789_123456789_123456789_123456789_123456789_1234` (`c1`,`c2`,`c3`,`c4`,`c5`,`c6`,`c7`,`c8`,`c9`,`c10`,`c11`,`c12`,`c13`,`c14`,`c15`,`c16`),
  KEY `a014_long_123456789_123456789_123456789_123456789_123456789_1234` (`c1`,`c2`,`c3`,`c4`,`c5`,`c6`,`c7`,`c8`,`c9`,`c10`,`c11`,`c12`,`c13`,`c14`,`c15`,`c16`),
  KEY `a015_long_123456789_123456789_123456789_123456789_123456789_1234` (`c1`,`c2`,`c3`,`c4`,`c5`,`c6`,`c7`,`c8`,`c9`,`c10`,`c11`,`c12`,`c13`,`c14`,`c15`,`c16`),
  KEY `a016_long_123456789_123456789_123456789_123456789_123456789_1234` (`c1`,`c2`,`c3`,`c4`,`c5`,`c6`,`c7`,`c8`,`c9`,`c10`,`c11`,`c12`,`c13`,`c14`,`c15`,`c16`),
  KEY `a017_long_123456789_123456789_123456789_123456789_123456789_1234` (`c1`,`c2`,`c3`,`c4`,`c5`,`c6`,`c7`,`c8`,`c9`,`c10`,`c11`,`c12`,`c13`,`c14`,`c15`,`c16`),
  KEY `a018_long_123456789_123456789_123456789_123456789_123456789_1234` (`c1`,`c2`,`c3`,`c4`,`c5`,`c6`,`c7`,`c8`,`c9`,`c10`,`c11`,`c12`,`c13`,`c14`,`c15`,`c16`),
  KEY `a019_long_123456789_123456789_123456789_123456789_123456789_1234` (`c1`,`c2`,`c3`,`c4`,`c5`,`c6`,`c7`,`c8`,`c9`,`c10`,`c11`,`c12`,`c13`,`c14`,`c15`,`c16`),
  KEY `a020_long_123456789_123456789_123456789_123456789_123456789_1234` (`c1`,`c2`,`c3`,`c4`,`c5`,`c6`,`c7`,`c8`,`c9`,`c10`,`c11`,`c12`,`c13`,`c14`,`c15`,`c16`),
  KEY `a021_long_123456789_123456789_123456789_123456789_123456789_1234` (`c1`,`c2`,`c3`,`c4`,`c5`,`c6`,`c7`,`c8`,`c9`,`c10`,`c11`,`c12`,`c13`,`c14`,`c15`,`c16`),
  KEY `a022_long_123456789_123456789_123456789_123456789_123456789_1234` (`c1`,`c2`,`c3`,`c4`,`c5`,`c6`,`c7`,`c8`,`c9`,`c10`,`c11`,`c12`,`c13`,`c14`,`c15`,`c16`),
  KEY `a023_long_123456789_123456789_123456789_123456789_123456789_1234` (`c1`,`c2`,`c3`,`c4`,`c5`,`c6`,`c7`,`c8`,`c9`,`c10`,`c11`,`c12`,`c13`,`c14`,`c15`,`c16`),
  KEY `a024_long_123456789_123456789_123456789_123456789_123456789_1234` (`c1`,`c2`,`c3`,`c4`,`c5`,`c6`,`c7`,`c8`,`c9`,`c10`,`c11`,`c12`,`c13`,`c14`,`c15`,`c16`),
  KEY `a025_long_123456789_123456789_123456789_123456789_123456789_1234` (`c1`,`c2`,`c3`,`c4`,`c5`,`c6`,`c7`,`c8`,`c9`,`c10`,`c11`,`c12`,`c13`,`c14`,`c15`,`c16`),
  KEY `a026_long_123456789_123456789_123456789_123456789_123456789_1234` (`c1`,`c2`,`c3`,`c4`,`c5`,`c6`,`c7`,`c8`,`c9`,`c10`,`c11`,`c12`,`c13`,`c14`,`c15`,`c16`),
  KEY `a027_long_123456789_123456789_123456789_123456789_123456789_1234` (`c1`,`c2`,`c3`,`c4`,`c5`,`c6`,`c7`,`c8`,`c9`,`c10`,`c11`,`c12`,`c13`,`c14`,`c15`,`c16`),
  KEY `a028_long_123456789_123456789_123456789_123456789_123456789_1234` (`c1`,`c2`,`c3`,`c4`,`c5`,`c6`,`c7`,`c8`,`c9`,`c10`,`c11`,`c12`,`c13`,`c14`,`c15`,`c16`),
  KEY `a029_long_123456789_123456789_123456789_123456789_123456789_1234` (`c1`,`c2`,`c3`,`c4`,`c5`,`c6`,`c7`,`c8`,`c9`,`c10`,`c11`,`c12`,`c13`,`c14`,`c15`,`c16`),
  KEY `a030_long_123456789_123456789_123456789_123456789_123456789_1234` (`c1`,`c2`,`c3`,`c4`,`c5`,`c6`,`c7`,`c8`,`c9`,`c10`,`c11`,`c12`,`c13`,`c14`,`c15`,`c16`),
  KEY `a031_long_123456789_123456789_123456789_123456789_123456789_1234` (`c1`,`c2`,`c3`,`c4`,`c5`,`c6`,`c7`,`c8`,`c9`,`c10`,`c11`,`c12`,`c13`,`c14`,`c15`,`c16`),
  KEY `a032_long_123456789_123456789_123456789_123456789_123456789_1234` (`c1`,`c2`,`c3`,`c4`,`c5`,`c6`,`c7`,`c8`,`c9`,`c10`,`c11`,`c12`,`c13`,`c14`,`c15`,`c16`),
  KEY `a033_long_123456789_123456789_123456789_123456789_123456789_1234` (`c1`,`c2`,`c3`,`c4`,`c5`,`c6`,`c7`,`c8`,`c9`,`c10`,`c11`,`c12`,`c13`,`c14`,`c15`,`c16`),
  KEY `a034_long_123456789_123456789_123456789_123456789_123456789_1234` (`c1`,`c2`,`c3`,`c4`,`c5`,`c6`,`c7`,`c8`,`c9`,`c10`,`c11`,`c12`,`c13`,`c14`,`c15`,`c16`),
  KEY `a035_long_123456789_123456789_123456789_123456789_123456789_1234` (`c1`,`c2`,`c3`,`c4`,`c5`,`c6`,`c7`,`c8`,`c9`,`c10`,`c11`,`c12`,`c13`,`c14`,`c15`,`c16`),
  KEY `a036_long_123456789_123456789_123456789_123456789_123456789_1234` (`c1`,`c2`,`c3`,`c4`,`c5`,`c6`,`c7`,`c8`,`c9`,`c10`,`c11`,`c12`,`c13`,`c14`,`c15`,`c16`),
  KEY `a037_long_123456789_123456789_123456789_123456789_123456789_1234` (`c1`,`c2`,`c3`,`c4`,`c5`,`c6`,`c7`,`c8`,`c9`,`c10`,`c11`,`c12`,`c13`,`c14`,`c15`,`c16`),
  KEY `a038_long_123456789_123456789_123456789_123456789_123456789_1234` (`c1`,`c2`,`c3`,`c4`,`c5`,`c6`,`c7`,`c8`,`c9`,`c10`,`c11`,`c12`,`c13`,`c14`,`c15`,`c16`),
  KEY `a039_long_123456789_123456789_123456789_123456789_123456789_1234` (`c1`,`c2`,`c3`,`c4`,`c5`,`c6`,`c7`,`c8`,`c9`,`c10`,`c11`,`c12`,`c13`,`c14`,`c15`,`c16`),
  KEY `a040_long_123456789_123456789_123456789_123456789_123456789_1234` (`c1`,`c2`,`c3`,`c4`,`c5`,`c6`,`c7`,`c8`,`c9`,`c10`,`c11`,`c12`,`c13`,`c14`,`c15`,`c16`),
  KEY `a041_long_123456789_123456789_123456789_123456789_123456789_1234` (`c1`,`c2`,`c3`,`c4`,`c5`,`c6`,`c7`,`c8`,`c9`,`c10`,`c11`,`c12`,`c13`,`c14`,`c15`,`c16`),
  KEY `a042_long_123456789_123456789_123456789_123456789_123456789_1234` (`c1`,`c2`,`c3`,`c4`,`c5`,`c6`,`c7`,`c8`,`c9`,`c10`,`c11`,`c12`,`c13`,`c14`,`c15`,`c16`),
  KEY `a043_long_123456789_123456789_123456789_123456789_123456789_1234` (`c1`,`c2`,`c3`,`c4`,`c5`,`c6`,`c7`,`c8`,`c9`,`c10`,`c11`,`c12`,`c13`,`c14`,`c15`,`c16`),
  KEY `a044_long_123456789_123456789_123456789_123456789_123456789_1234` (`c1`,`c2`,`c3`,`c4`,`c5`,`c6`,`c7`,`c8`,`c9`,`c10`,`c11`,`c12`,`c13`,`c14`,`c15`,`c16`),
  KEY `a045_long_123456789_123456789_123456789_123456789_123456789_1234` (`c1`,`c2`,`c3`,`c4`,`c5`,`c6`,`c7`,`c8`,`c9`,`c10`,`c11`,`c12`,`c13`,`c14`,`c15`,`c16`),
  KEY `a046_long_123456789_123456789_123456789_123456789_123456789_1234` (`c1`,`c2`,`c3`,`c4`,`c5`,`c6`,`c7`,`c8`,`c9`,`c10`,`c11`,`c12`,`c13`,`c14`,`c15`,`c16`),
  KEY `a047_long_123456789_123456789_123456789_123456789_123456789_1234` (`c1`,`c2`,`c3`,`c4`,`c5`,`c6`,`c7`,`c8`,`c9`,`c10`,`c11`,`c12`,`c13`,`c14`,`c15`,`c16`),
  KEY `a048_long_123456789_123456789_123456789_123456789_123456789_1234` (`c1`,`c2`,`c3`,`c4`,`c5`,`c6`,`c7`,`c8`,`c9`,`c10`,`c11`,`c12`,`c13`,`c14`,`c15`,`c16`),
  KEY `a049_long_123456789_123456789_123456789_123456789_123456789_1234` (`c1`,`c2`,`c3`,`c4`,`c5`,`c6`,`c7`,`c8`,`c9`,`c10`,`c11`,`c12`,`c13`,`c14`,`c15`,`c16`),
  KEY `a050_long_123456789_123456789_123456789_123456789_123456789_1234` (`c1`,`c2`,`c3`,`c4`,`c5`,`c6`,`c7`,`c8`,`c9`,`c10`,`c11`,`c12`,`c13`,`c14`,`c15`,`c16`),
  KEY `a051_long_123456789_123456789_123456789_123456789_123456789_1234` (`c1`,`c2`,`c3`,`c4`,`c5`,`c6`,`c7`,`c8`,`c9`,`c10`,`c11`,`c12`,`c13`,`c14`,`c15`,`c16`),
  KEY `a052_long_123456789_123456789_123456789_123456789_123456789_1234` (`c1`,`c2`,`c3`,`c4`,`c5`,`c6`,`c7`,`c8`,`c9`,`c10`,`c11`,`c12`,`c13`,`c14`,`c15`,`c16`),
  KEY `a053_long_123456789_123456789_123456789_123456789_123456789_1234` (`c1`,`c2`,`c3`,`c4`,`c5`,`c6`,`c7`,`c8`,`c9`,`c10`,`c11`,`c12`,`c13`,`c14`,`c15`,`c16`),
  KEY `a054_long_123456789_123456789_123456789_123456789_123456789_1234` (`c1`,`c2`,`c3`,`c4`,`c5`,`c6`,`c7`,`c8`,`c9`,`c10`,`c11`,`c12`,`c13`,`c14`,`c15`,`c16`),
  KEY `a055_long_123456789_123456789_123456789_123456789_123456789_1234` (`c1`,`c2`,`c3`,`c4`,`c5`,`c6`,`c7`,`c8`,`c9`,`c10`,`c11`,`c12`,`c13`,`c14`,`c15`,`c16`),
  KEY `a056_long_123456789_123456789_123456789_123456789_123456789_1234` (`c1`,`c2`,`c3`,`c4`,`c5`,`c6`,`c7`,`c8`,`c9`,`c10`,`c11`,`c12`,`c13`,`c14`,`c15`,`c16`),
  KEY `a057_long_123456789_123456789_123456789_123456789_123456789_1234` (`c1`,`c2`,`c3`,`c4`,`c5`,`c6`,`c7`,`c8`,`c9`,`c10`,`c11`,`c12`,`c13`,`c14`,`c15`,`c16`),
  KEY `a058_long_123456789_123456789_123456789_123456789_123456789_1234` (`c1`,`c2`,`c3`,`c4`,`c5`,`c6`,`c7`,`c8`,`c9`,`c10`,`c11`,`c12`,`c13`,`c14`,`c15`,`c16`),
  KEY `a059_long_123456789_123456789_123456789_123456789_123456789_1234` (`c1`,`c2`,`c3`,`c4`,`c5`,`c6`,`c7`,`c8`,`c9`,`c10`,`c11`,`c12`,`c13`,`c14`,`c15`,`c16`),
  KEY `a060_long_123456789_123456789_123456789_123456789_123456789_1234` (`c1`,`c2`,`c3`,`c4`,`c5`,`c6`,`c7`,`c8`,`c9`,`c10`,`c11`,`c12`,`c13`,`c14`,`c15`,`c16`),
  KEY `a061_long_123456789_123456789_123456789_123456789_123456789_1234` (`c1`,`c2`,`c3`,`c4`,`c5`,`c6`,`c7`,`c8`,`c9`,`c10`,`c11`,`c12`,`c13`,`c14`,`c15`,`c16`),
  KEY `a062_long_123456789_123456789_123456789_123456789_123456789_1234` (`c1`,`c2`,`c3`,`c4`,`c5`,`c6`,`c7`,`c8`,`c9`,`c10`,`c11`,`c12`,`c13`,`c14`,`c15`,`c16`),
  KEY `a063_long_123456789_123456789_123456789_123456789_123456789_1234` (`c1`,`c2`,`c3`,`c4`,`c5`,`c6`,`c7`,`c8`,`c9`,`c10`,`c11`,`c12`,`c13`,`c14`,`c15`,`c16`),
  KEY `a064_long_123456789_123456789_123456789_123456789_123456789_1234` (`c1`,`c2`,`c3`,`c4`,`c5`,`c6`,`c7`,`c8`,`c9`,`c10`,`c11`,`c12`,`c13`,`c14`,`c15`,`c16`)
) ENGINE=DEFAULT
alter table t1 add key 
a065_long_123456789_123456789_123456789_123456789_123456789_1234 (
c1,c2,c3,c4,c5,c6,c7,c8,c9,c10,c11,c12,c13,c14,c15,c16);
ERROR 42000: Too many keys specified; max 64 keys allowed
drop table t1;
create table t1 (c1 int, c2 int, c3 int, c4 int, c5 int, c6 int, c7 int, 
c8 int, c9 int, c10 int, c11 int, c12 int, c13 int, c14 int, c15 int, 
c16 int, c17 int);
alter table t1 add key i1 (
c1,c2,c3,c4,c5,c6,c7,c8,c9,c10,c11,c12,c13,c14,c15,c16, c17);
ERROR 42000: Too many key parts specified; max 16 parts allowed
alter table t1 add key 
a001_long_123456789_123456789_123456789_123456789_123456789_12345 (c1);
ERROR 42000: Identifier name 'a001_long_123456789_123456789_123456789_123456789_123456789_12345' is too long
show create table t1;
Table	Create Table
t1	CREATE TABLE `t1` (
  `c1` int DEFAULT NULL,
  `c2` int DEFAULT NULL,
  `c3` int DEFAULT NULL,
  `c4` int DEFAULT NULL,
  `c5` int DEFAULT NULL,
  `c6` int DEFAULT NULL,
  `c7` int DEFAULT NULL,
  `c8` int DEFAULT NULL,
  `c9` int DEFAULT NULL,
  `c10` int DEFAULT NULL,
  `c11` int DEFAULT NULL,
  `c12` int DEFAULT NULL,
  `c13` int DEFAULT NULL,
  `c14` int DEFAULT NULL,
  `c15` int DEFAULT NULL,
  `c16` int DEFAULT NULL,
  `c17` int DEFAULT NULL
) ENGINE=DEFAULT
drop table t1;

Bug #26104 Bug on foreign key class constructor

Check that ref_columns is initalized correctly in the constructor
and semantic checks in mysql_prepare_table work.

We do not need a storage engine that supports foreign keys
for this test, as the checks are purely syntax-based, and the
syntax is supported for all engines.

drop table if exists t1,t2;
create table t1(a int not null, b int not null, primary key (a, b));
create table t2(a int not null, b int not null, c int not null, primary key (a),
foreign key fk_bug26104 (b,c) references t1(a));
ERROR 42000: Incorrect foreign key definition for 'fk_bug26104': Key reference and table reference don't match
drop table t1;
create table t1(f1 int,f2 int);
insert into t1 value(1,1),(1,2),(1,3),(2,1),(2,2),(2,3);
flush status;
create table t2 select sql_big_result f1,count(f2) from t1 group by f1;
show status like 'handler_read%';
Variable_name	Value
Handler_read_first	0
Handler_read_key	0
Handler_read_next	0
Handler_read_prev	0
Handler_read_rnd	0
Handler_read_rnd_next	0
drop table t1,t2;
CREATE TABLE t1(c1 VARCHAR(33), KEY USING BTREE (c1));
DROP TABLE t1;
CREATE TABLE t1(c1 VARCHAR(33), KEY (c1) USING BTREE);
DROP TABLE t1;
CREATE TEMPORARY TABLE t1(c1 VARCHAR(33), KEY USING BTREE (c1) USING HASH) ENGINE=MEMORY;
SHOW INDEX FROM t1;
Table	Non_unique	Key_name	Seq_in_index	Column_name	Collation	Cardinality	Sub_part	Packed	Null	Index_type	Comment	Index_Comment
t1	1	c1	1	c1	NULL	0	NULL	NULL	YES	HASH		
DROP TABLE t1;
CREATE TEMPORARY TABLE t1(c1 VARCHAR(33), KEY USING HASH (c1) USING BTREE) ENGINE=MEMORY;
SHOW INDEX FROM t1;
Table	Non_unique	Key_name	Seq_in_index	Column_name	Collation	Cardinality	Sub_part	Packed	Null	Index_type	Comment	Index_Comment
t1	1	c1	1	c1	A	NULL	NULL	NULL	YES	BTREE		
DROP TABLE t1;
End of 5.0 tests
CREATE TABLE t1 (a int, b int);
insert into t1 values (1,1),(1,2);
CREATE TABLE t2 (primary key (a)) select * from t1;
ERROR 23000: Duplicate entry '1' for key 'PRIMARY'
drop table if exists t2;
Warnings:
Note	1051	Unknown table 't2'
CREATE TEMPORARY TABLE t2 (primary key (a)) select * from t1;
ERROR 23000: Duplicate entry '1' for key 'PRIMARY'
drop table if exists t2;
Warnings:
Note	1051	Unknown table 't2'
CREATE TEMPORARY TABLE t2 (a int, b int, primary key (a));
CREATE TEMPORARY TABLE IF NOT EXISTS t2 (primary key (a)) select * from t1;
ERROR 23000: Duplicate entry '1' for key 'PRIMARY'
SELECT * from t2;
a	b
TRUNCATE table t2;
INSERT INTO t2 select * from t1;
ERROR 23000: Duplicate entry '1' for key 'PRIMARY'
SELECT * from t2;
a	b
drop table t1,t2;
CREATE DATABASE aaaaaaaaaaaaaaaaaaaaaaaaaaaaaaaaaaaaaaaaaaaaaaaaaaaaaaaaaaaaaaaaaaaaaaaaaaaaaaaaaaaaaaaaaaaaaaaaaaaa;
ERROR 42000: Incorrect database name 'aaaaaaaaaaaaaaaaaaaaaaaaaaaaaaaaaaaaaaaaaaaaaaaaaaaaaaaaaaaaaaaaaaaaaaaaaaaaaaaaaaaaaaaaaaaaaaaaaaaa'
DROP DATABASE aaaaaaaaaaaaaaaaaaaaaaaaaaaaaaaaaaaaaaaaaaaaaaaaaaaaaaaaaaaaaaaaaaaaaaaaaaaaaaaaaaaaaaaaaaaaaaaaaaaa;
ERROR 42000: Incorrect database name 'aaaaaaaaaaaaaaaaaaaaaaaaaaaaaaaaaaaaaaaaaaaaaaaaaaaaaaaaaaaaaaaaaaaaaaaaaaaaaaaaaaaaaaaaaaaaaaaaaaaa'
USE aaaaaaaaaaaaaaaaaaaaaaaaaaaaaaaaaaaaaaaaaaaaaaaaaaaaaaaaaaaaaaaaaaaaaaaaaaaaaaaaaaaaaaaaaaaaaaaaaaaa;
ERROR 42000: Incorrect database name 'aaaaaaaaaaaaaaaaaaaaaaaaaaaaaaaaaaaaaaaaaaaaaaaaaaaaaaaaaaaaaaaaaaaaaaaaaaaaaaaaaaaaaaaaaaaaaaaaaaaa'
SHOW CREATE DATABASE aaaaaaaaaaaaaaaaaaaaaaaaaaaaaaaaaaaaaaaaaaaaaaaaaaaaaaaaaaaaaaaaaaaaaaaaaaaaaaaaaaaaaaaaaaaaaaaaaaaa;
ERROR 42000: Incorrect database name 'aaaaaaaaaaaaaaaaaaaaaaaaaaaaaaaaaaaaaaaaaaaaaaaaaaaaaaaaaaaaaaaaaaaaaaaaaaaaaaaaaaaaaaaaaaaaaaaaaaaa'
create database ____8____45;
use ____8____45;
select database();
database()
____8____45
use test;
select SCHEMA_NAME from information_schema.schemata
where schema_name='____8____45';
SCHEMA_NAME
____8____45
drop database ____8____45;
create table ____8____48
(
____8____45 int,
index ____8____48 (____8____45)
);
select * from ____8____48;
____8____45
select TABLE_NAME from information_schema.tables where
table_schema='test';
TABLE_NAME
____8____48
select COLUMN_NAME from information_schema.columns where
table_schema='test';
COLUMN_NAME
____8____45
select INDEX_NAME from information_schema.statistics where
table_schema='test';
INDEX_NAME
____8____48
show create table ____8____48;
Table	Create Table
____8____48	CREATE TABLE `____8____48` (
  `____8____45` int DEFAULT NULL,
  KEY `____8____48` (`____8____45`)
) ENGINE=DEFAULT
drop table ____8____48;
create table t1 like information_schema.processlist;
show create table t1;
Table	Create Table
t1	CREATE TABLE `t1` (
  `ID` bigint NOT NULL DEFAULT '0',
  `USER` varchar(16) NOT NULL DEFAULT '',
  `HOST` varchar(64) NOT NULL DEFAULT '',
  `DB` varchar(64) DEFAULT NULL,
  `COMMAND` varchar(16) NOT NULL DEFAULT '',
  `TIME` bigint NOT NULL DEFAULT '0',
  `STATE` varchar(64) DEFAULT NULL,
  `INFO` text
) ENGINE=MyISAM
drop table t1;
create temporary table t1 like information_schema.processlist;
show create table t1;
Table	Create Table
t1	CREATE TEMPORARY TABLE `t1` (
  `ID` bigint NOT NULL DEFAULT '0',
  `USER` varchar(16) NOT NULL DEFAULT '',
  `HOST` varchar(64) NOT NULL DEFAULT '',
  `DB` varchar(64) DEFAULT NULL,
  `COMMAND` varchar(16) NOT NULL DEFAULT '',
  `TIME` bigint NOT NULL DEFAULT '0',
  `STATE` varchar(64) DEFAULT NULL,
  `INFO` text
) ENGINE=MyISAM
drop table t1;

# --
# -- Bug#21380: DEFAULT definition not always transfered by CREATE
# -- TABLE/SELECT to the new table.
# --

DROP TABLE IF EXISTS t1;
DROP TABLE IF EXISTS t2;

CREATE TABLE t1(
c1 INT DEFAULT 12 COMMENT 'column1',
c2 INT NULL COMMENT 'column2',
c3 INT NOT NULL COMMENT 'column3',
c4 VARCHAR(255) NOT NULL DEFAULT 'a',
c5 VARCHAR(255) COLLATE utf8_unicode_ci NULL DEFAULT 'b',
c6 VARCHAR(255))
COLLATE utf8_bin;

SHOW CREATE TABLE t1;
Table	Create Table
t1	CREATE TABLE `t1` (
  `c1` int DEFAULT '12' COMMENT 'column1',
  `c2` int DEFAULT NULL COMMENT 'column2',
  `c3` int NOT NULL COMMENT 'column3',
  `c4` varchar(255) COLLATE utf8_bin NOT NULL DEFAULT 'a',
  `c5` varchar(255) CHARACTER SET utf8 COLLATE utf8_unicode_ci DEFAULT 'b',
  `c6` varchar(255) COLLATE utf8_bin DEFAULT NULL
) ENGINE=DEFAULT

CREATE TABLE t2 AS SELECT * FROM t1;

SHOW CREATE TABLE t2;
Table	Create Table
t2	CREATE TABLE `t2` (
  `c1` int DEFAULT '12' COMMENT 'column1',
  `c2` int DEFAULT NULL COMMENT 'column2',
  `c3` int NOT NULL COMMENT 'column3',
  `c4` varchar(255) CHARACTER SET utf8 COLLATE utf8_bin NOT NULL DEFAULT 'a',
  `c5` varchar(255) CHARACTER SET utf8 COLLATE utf8_unicode_ci DEFAULT 'b',
  `c6` varchar(255) CHARACTER SET utf8 COLLATE utf8_bin DEFAULT NULL
) ENGINE=DEFAULT

DROP TABLE t2;

# -- End of test case for Bug#21380.

# --
# -- Bug#18834: ALTER TABLE ADD INDEX on table with two timestamp fields
# --

DROP TABLE IF EXISTS t1;
DROP TABLE IF EXISTS t2;
DROP TABLE IF EXISTS t3;

CREATE TABLE t1(c1 TIMESTAMP, c2 TIMESTAMP);


CREATE TABLE t2(c1 TIMESTAMP, c2 TIMESTAMP NULL);
drop table t2;
CREATE TABLE t2(c1 TIMESTAMP, c2 TIMESTAMP DEFAULT '1982-01-29');
drop table t2;

CREATE TABLE t2(c1 TIMESTAMP, c2 TIMESTAMP);
drop table t2;

# -- Check that NULL column still can be created.
CREATE TABLE t2(c1 TIMESTAMP NULL);

# -- Check ALTER TABLE.
ALTER TABLE t1 ADD INDEX(c1);

# -- Check DATETIME.

CREATE TABLE t3(c1 DATETIME NOT NULL);
INSERT INTO t3 VALUES (0);
ERROR HY000: Received an invalid datetime value '0'.

ALTER TABLE t3 ADD INDEX(c1);

# -- Cleanup.
DROP TABLE t1;
DROP TABLE t2;
DROP TABLE t3;

# -- End of Bug#18834.
