DROP SCHEMA IF EXISTS `drizzleslap`;
CREATE SCHEMA `drizzleslap`;
use drizzleslap;
CREATE TABLE t1 (id int, name varchar(64));
INSERT INTO t1 VALUES (1, 'This is a test');
select * from t1;
DROP SCHEMA IF EXISTS `drizzleslap`;
CREATE SCHEMA `drizzleslap`;
use drizzleslap;
CREATE TABLE t1 (id int, name varchar(64));
INSERT INTO t1 VALUES (1, 'This is a test');
select * from t1;
DROP SCHEMA IF EXISTS `drizzleslap`;
CREATE SCHEMA `drizzleslap`;
use drizzleslap;
CREATE TABLE t1 (id int, name varchar(64));
INSERT INTO t1 VALUES (1, 'This is a test');
select * from t1;
DROP SCHEMA IF EXISTS `drizzleslap`;
CREATE SCHEMA `drizzleslap`;
use drizzleslap;
CREATE TABLE t1 (id int, name varchar(64));
INSERT INTO t1 VALUES (1, 'This is a test');
select * from t1;
DROP SCHEMA IF EXISTS `drizzleslap`;
CREATE SCHEMA `drizzleslap`;
use drizzleslap;
CREATE TABLE t1 (id int, name varchar(64));
INSERT INTO t1 VALUES (1, 'This is a test');
select * from t1;
DROP SCHEMA IF EXISTS `drizzleslap`;
CREATE SCHEMA `drizzleslap`;
use drizzleslap;
CREATE TABLE t1 (id int, name varchar(64));
INSERT INTO t1 VALUES (1, 'This is a test');
select * from t1;
DROP SCHEMA IF EXISTS `drizzleslap`;
CREATE SCHEMA `drizzleslap`;
use drizzleslap;
CREATE TABLE t1 (id int, name varchar(64));
INSERT INTO t1 VALUES (1, 'This is a test');
select * from t1;
DROP SCHEMA IF EXISTS `drizzleslap`;
CREATE SCHEMA `drizzleslap`;
use drizzleslap;
CREATE TABLE t1 (id int, name varchar(64));
INSERT INTO t1 VALUES (1, 'This is a test');
select * from t1;
DROP SCHEMA IF EXISTS `drizzleslap`;
CREATE SCHEMA `drizzleslap`;
use drizzleslap;
CREATE TABLE t1 (id int, name varchar(64));
INSERT INTO t1 VALUES (1, 'This is a test');
select * from t1;
DROP SCHEMA IF EXISTS `drizzleslap`;
CREATE SCHEMA `drizzleslap`;
use drizzleslap;
CREATE TABLE t1 (id int, name varchar(64));
INSERT INTO t1 VALUES (1, 'This is a test');
select * from t1;
DROP SCHEMA IF EXISTS `drizzleslap`;
CREATE SCHEMA `drizzleslap`;
use drizzleslap;
CREATE TABLE t1 (id int, name varchar(64));
INSERT INTO t1 VALUES (1, 'This is a test');
select * from t1;
DROP SCHEMA IF EXISTS `drizzleslap`;
CREATE SCHEMA `drizzleslap`;
use drizzleslap;
CREATE TABLE t1 (id int, name varchar(64));
INSERT INTO t1 VALUES (1, 'This is a test');
select * from t1;
DROP SCHEMA IF EXISTS `drizzleslap`;
CREATE SCHEMA `drizzleslap`;
use drizzleslap;
CREATE TABLE t1 (id int, name varchar(64));
INSERT INTO t1 VALUES (1, 'This is a test');
select * from t1;
DROP SCHEMA IF EXISTS `drizzleslap`;
CREATE SCHEMA `drizzleslap`;
use drizzleslap;
CREATE TABLE t1 (id int, name varchar(64));
INSERT INTO t1 VALUES (1, 'This is a test');
select * from t1;
DROP SCHEMA IF EXISTS `drizzleslap`;
CREATE SCHEMA `drizzleslap`;
use drizzleslap;
CREATE TABLE t1 (id int, name varchar(64));
INSERT INTO t1 VALUES (1, 'This is a test');
select * from t1;
DROP SCHEMA IF EXISTS `drizzleslap`;
CREATE SCHEMA `drizzleslap`;
use drizzleslap;
CREATE TABLE t1 (id int, name varchar(64));
INSERT INTO t1 VALUES (1, 'This is a test');
select * from t1;
DROP SCHEMA IF EXISTS `drizzleslap`;
CREATE SCHEMA `drizzleslap`;
use drizzleslap;
CREATE TABLE t1 (id int, name varchar(64));
INSERT INTO t1 VALUES (1, 'This is a test');
select * from t1;
DROP SCHEMA IF EXISTS `drizzleslap`;
CREATE SCHEMA `drizzleslap`;
use drizzleslap;
CREATE TABLE t1 (id int, name varchar(64));
INSERT INTO t1 VALUES (1, 'This is a test');
select * from t1;
DROP SCHEMA IF EXISTS `drizzleslap`;
CREATE SCHEMA `drizzleslap`;
use drizzleslap;
CREATE TABLE t1 (id int, name varchar(64));
INSERT INTO t1 VALUES (1, 'This is a test');
select * from t1;
DROP SCHEMA IF EXISTS `drizzleslap`;
CREATE SCHEMA `drizzleslap`;
use drizzleslap;
CREATE TABLE t1 (id int, name varchar(64));
INSERT INTO t1 VALUES (1, 'This is a test');
select * from t1;
DROP SCHEMA IF EXISTS `drizzleslap`;
DROP SCHEMA IF EXISTS `drizzleslap`;
CREATE SCHEMA `drizzleslap`;
use drizzleslap;
set storage_engine=`MEMORY`;
CREATE TABLE t1 (id int, name varchar(64));
create table t2(foo1 varchar(32), foo2 varchar(32));
INSERT INTO t1 VALUES (1, 'This is a test');
insert into t2 values ('test', 'test2');
select * from t1;
select * from t2;
DROP SCHEMA IF EXISTS `drizzleslap`;
DROP SCHEMA IF EXISTS `drizzleslap`;
CREATE SCHEMA `drizzleslap`;
use drizzleslap;
set storage_engine=`myisam`;
CREATE TABLE t1 (id int, name varchar(64));
create table t2(foo1 varchar(32), foo2 varchar(32));
INSERT INTO t1 VALUES (1, 'This is a test');
insert into t2 values ('test', 'test2');
select * from t1;
select * from t2;
DROP SCHEMA IF EXISTS `drizzleslap`;
DROP SCHEMA IF EXISTS `drizzleslap`;
CREATE SCHEMA `drizzleslap`;
use drizzleslap;
set storage_engine=`MEMORY`;
CREATE TABLE t1 (id int, name varchar(64));
create table t2(foo1 varchar(32), foo2 varchar(32));
INSERT INTO t1 VALUES (1, 'This is a test');
insert into t2 values ('test', 'test2');
SHOW TABLES;
select * from t1;
select * from t2;
SHOW TABLES;
DROP SCHEMA IF EXISTS `drizzleslap`;
DROP SCHEMA IF EXISTS `drizzleslap`;
CREATE SCHEMA `drizzleslap`;
use drizzleslap;
set storage_engine=`myisam`;
CREATE TABLE t1 (id int, name varchar(64));
create table t2(foo1 varchar(32), foo2 varchar(32));
INSERT INTO t1 VALUES (1, 'This is a test');
insert into t2 values ('test', 'test2');
SHOW TABLES;
select * from t1;
select * from t2;
SHOW TABLES;
DROP SCHEMA IF EXISTS `drizzleslap`;
DROP SCHEMA IF EXISTS `drizzleslap`;
CREATE SCHEMA `drizzleslap`;
use drizzleslap;
set storage_engine=`MEMORY`;
CREATE TABLE t1 (id int, name varchar(64));
create table t2(foo1 varchar(32), foo2 varchar(32));
INSERT INTO t1 VALUES (1, 'This is a test');
insert into t2 values ('test', 'test2');
SHOW TABLES;
SET AUTOCOMMIT=0;
select * from t1;
COMMIT;
select * from t2;
COMMIT;
select * from t1;
COMMIT;
select * from t2;
COMMIT;
select * from t1;
COMMIT;
select * from t2;
COMMIT;
COMMIT;
SHOW TABLES;
DROP SCHEMA IF EXISTS `drizzleslap`;
DROP SCHEMA IF EXISTS `drizzleslap`;
CREATE SCHEMA `drizzleslap`;
use drizzleslap;
set storage_engine=`myisam`;
CREATE TABLE t1 (id int, name varchar(64));
create table t2(foo1 varchar(32), foo2 varchar(32));
INSERT INTO t1 VALUES (1, 'This is a test');
insert into t2 values ('test', 'test2');
SHOW TABLES;
SET AUTOCOMMIT=0;
select * from t1;
COMMIT;
select * from t2;
COMMIT;
select * from t1;
COMMIT;
select * from t2;
COMMIT;
select * from t1;
COMMIT;
select * from t2;
COMMIT;
COMMIT;
SHOW TABLES;
DROP SCHEMA IF EXISTS `drizzleslap`;
CREATE SCHEMA drizzleslap;
CREATE TABLE drizzleslap.t1 (id int, name varchar(64));
SELECT count(*) from drizzleslap.t1;
count(*)
20
drop table drizzleslap.t1;
drop schema drizzleslap;
