drop table if exists t1,t2,t7,t8,t9;
drop database if exists mysqltest;
create table t1 (a int not null auto_increment, b char(16) not null, primary key (a));
create table t2 (a int not null auto_increment, b char(16) not null, primary key (a));
insert into t1 (b) values ("test"),("test1"),("test2"),("test3");
insert into t2 (b) select b from t1;
insert into t1 (b) select b from t2;
insert into t2 (b) select b from t1;
insert into t1 (b) select b from t2;
insert into t2 (b) select b from t1;
insert into t1 (b) select b from t2;
insert into t2 (b) select b from t1;
insert into t1 (b) select b from t2;
insert into t2 (b) select b from t1;
insert into t1 (b) select b from t2;
insert into t2 (b) select b from t1;
insert into t1 (b) select b from t2;
insert into t2 (b) select b from t1;
insert into t1 (b) select b from t2;
insert into t2 (b) select b from t1;
insert into t1 (b) select b from t2;
insert into t2 (b) select b from t1;
insert into t1 (b) select b from t2;
drop table t2;
create table t9 (a int not null auto_increment, b char(16) not null, primary key (a)) engine=myisam data directory="MYSQLTEST_VARDIR/tmp" index directory="MYSQLTEST_VARDIR/run";
insert into t9 select * from t1;
check table t9;
Table	Op	Msg_type	Msg_text
test.t9	check	status	OK
optimize table t9;
Table	Op	Msg_type	Msg_text
test.t9	optimize	status	OK
repair table t9;
Table	Op	Msg_type	Msg_text
test.t9	repair	status	OK
alter table t9 add column c int not null;
show create table t9;
Table	Create Table
t9	CREATE TABLE `t9` (
  `a` int NOT NULL AUTO_INCREMENT,
  `b` varchar(16) NOT NULL,
  `c` int NOT NULL,
  PRIMARY KEY (`a`)
) ENGINE=MyISAM AUTO_INCREMENT=16725 DATA DIRECTORY='MYSQLTEST_VARDIR/tmp/' INDEX DIRECTORY='MYSQLTEST_VARDIR/run/'
alter table t9 rename t8, add column d int not null;
alter table t8 rename t7;
rename table t7 to t9;
drop table t1;
SHOW CREATE TABLE t9;
Table	Create Table
t9	CREATE TABLE `t9` (
  `a` int NOT NULL AUTO_INCREMENT,
  `b` varchar(16) NOT NULL,
  `c` int NOT NULL,
  `d` int NOT NULL,
  PRIMARY KEY (`a`)
) ENGINE=MyISAM AUTO_INCREMENT=16725 DATA DIRECTORY='MYSQLTEST_VARDIR/tmp/' INDEX DIRECTORY='MYSQLTEST_VARDIR/run/'
create table t1 (a int not null auto_increment, b char(16) not null, primary key (a)) engine=myisam data directory="tmp";
Got one of the listed errors
create database mysqltest;
create table mysqltest.t9 (a int not null auto_increment, b char(16) not null, primary key (a)) engine=myisam index directory="/this-dir-does-not-exist";
Got one of the listed errors
create table mysqltest.t9 (a int not null auto_increment, b char(16) not null, primary key (a)) engine=myisam index directory="not-hard-path";
Got one of the listed errors
create table mysqltest.t9 (a int not null auto_increment, b char(16) not null, primary key (a)) engine=myisam index directory="MYSQLTEST_VARDIR/run";
Got one of the listed errors
create table mysqltest.t9 (a int not null auto_increment, b char(16) not null, primary key (a)) engine=myisam data directory="MYSQLTEST_VARDIR/tmp";
Got one of the listed errors
alter table t9 rename mysqltest.t9;
select count(*) from mysqltest.t9;
count(*)
16724
show create table mysqltest.t9;
Table	Create Table
t9	CREATE TABLE `t9` (
  `a` int NOT NULL AUTO_INCREMENT,
  `b` varchar(16) NOT NULL,
  `c` int NOT NULL,
  `d` int NOT NULL,
  PRIMARY KEY (`a`)
) ENGINE=MyISAM AUTO_INCREMENT=16725 DATA DIRECTORY='MYSQLTEST_VARDIR/tmp/' INDEX DIRECTORY='MYSQLTEST_VARDIR/run/'
drop database mysqltest;
create table t1 (a int not null) engine=myisam;
alter table t1 data directory="MYSQLTEST_VARDIR/tmp";
Warnings:
Warning	0	DATA DIRECTORY option ignored
show create table t1;
Table	Create Table
t1	CREATE TABLE `t1` (
  `a` int NOT NULL
) ENGINE=MyISAM
alter table t1 add b int;
alter table t1 data directory="MYSQLTEST_VARDIR/log";
Warnings:
Warning	0	DATA DIRECTORY option ignored
show create table t1;
Table	Create Table
t1	CREATE TABLE `t1` (
  `a` int NOT NULL,
  `b` int
) ENGINE=MyISAM
alter table t1 index directory="MYSQLTEST_VARDIR/log";
Warnings:
Warning	0	INDEX DIRECTORY option ignored
show create table t1;
Table	Create Table
t1	CREATE TABLE `t1` (
  `a` int NOT NULL,
  `b` int
) ENGINE=MyISAM
drop table t1;
CREATE TABLE t1(a INT)
DATA DIRECTORY='TEST_DIR/tmp'
INDEX DIRECTORY='TEST_DIR/tmp' ENGINE=MyISAM;
Got one of the listed errors
CREATE TABLE t2(a INT)
DATA DIRECTORY='TEST_DIR/tmp'
INDEX DIRECTORY='TEST_DIR/tmp' ENGINE=MyISAM;
RENAME TABLE t2 TO t1;
ERROR HY000: Can't create file 'TEST_DIR/tmp/t1.MYI' (errno: 17)
DROP TABLE t2;
create temporary table t1 (a int) engine=myisam data directory="MYSQLTEST_VARDIR/log" select 9 a;
show create table t1;
Table	Create Table
t1	CREATE TEMPORARY TABLE `t1` (
  `a` int
) ENGINE=MyISAM DATA DIRECTORY='MYSQLTEST_VARDIR/log/'
create temporary table t1 (a int) engine=myisam data directory="MYSQLTEST_VARDIR/log" select 99 a;
show create table t1;
Table	Create Table
t1	CREATE TEMPORARY TABLE `t1` (
  `a` int
) ENGINE=MyISAM DATA DIRECTORY='MYSQLTEST_VARDIR/log/'
End of 4.1 tests
SET SESSION keep_files_on_create = TRUE;
CREATE TABLE t1 (a INT) ENGINE MYISAM;
Got one of the listed errors
SET SESSION keep_files_on_create = FALSE;
CREATE TABLE t1 (a INT) ENGINE MYISAM;
DROP TABLE t1;
End of 5.0 tests
CREATE TABLE t1(a INT)
INDEX DIRECTORY='TEST_DIR/master-data/mysql';
ERROR HY000: Incorrect arguments to INDEX DIRECTORY
CREATE TABLE t1(a INT)
DATA DIRECTORY='TEST_DIR/master-data/test';
ERROR HY000: Incorrect arguments to DATA DIRECTORY
CREATE TABLE t1(a INT)
DATA DIRECTORY='TEST_DIR/master-data/';
ERROR HY000: Incorrect arguments to DATA DIRECTORY
CREATE TABLE t1(a INT)
INDEX DIRECTORY='TEST_DIR/master-data';
ERROR HY000: Incorrect arguments to INDEX DIRECTORY
CREATE TABLE t1(a INT) DATA DIRECTORY='MYSQLTEST_VARDIR/tmp' INDEX DIRECTORY='MYSQLTEST_VARDIR/tmp';
DROP TABLE t1;
End of 5.1 tests
